material_id,composition,V_low,V_high,rate,cycle,Vii,Q0ii,Qii,dQdVii
0,Li1.2 Mn0.4 Ti0.4 O2,1.50,4.80,20.0,1,1.529,250.317,250.317,-79.889
0,Li1.2 Mn0.4 Ti0.4 O2,1.50,4.80,20.0,1,1.561,247.818,247.818,-74.289
0,Li1.2 Mn0.4 Ti0.4 O2,1.50,4.80,20.0,1,1.593,245.493,245.493,-69.084
0,Li1.2 Mn0.4 Ti0.4 O2,1.50,4.80,20.0,1,1.626,243.331,243.331,-64.274
0,Li1.2 Mn0.4 Ti0.4 O2,1.50,4.80,20.0,1,1.658,241.319,241.319,-59.859
0,Li1.2 Mn0.4 Ti0.4 O2,1.50,4.80,20.0,1,1.691,239.443,239.443,-55.838
0,Li1.2 Mn0.4 Ti0.4 O2,1.50,4.80,20.0,1,1.723,237.692,237.692,-52.212
0,Li1.2 Mn0.4 Ti0.4 O2,1.50,4.80,20.0,1,1.756,236.051,236.051,-48.981
0,Li1.2 Mn0.4 Ti0.4 O2,1.50,4.80,20.0,1,1.788,234.509,234.509,-46.144
0,Li1.2 Mn0.4 Ti0.4 O2,1.50,4.80,20.0,1,1.821,233.053,233.053,-43.703
0,Li1.2 Mn0.4 Ti0.4 O2,1.50,4.80,20.0,1,1.853,231.670,231.670,-41.656
0,Li1.2 Mn0.4 Ti0.4 O2,1.50,4.80,20.0,1,1.885,230.346,230.346,-40.003
0,Li1.2 Mn0.4 Ti0.4 O2,1.50,4.80,20.0,1,1.918,229.070,229.070,-38.746
0,Li1.2 Mn0.4 Ti0.4 O2,1.50,4.80,20.0,1,1.950,227.828,227.828,-37.883
0,Li1.2 Mn0.4 Ti0.4 O2,1.50,4.80,20.0,1,1.983,226.608,226.608,-37.415
0,Li1.2 Mn0.4 Ti0.4 O2,1.50,4.80,20.0,1,2.015,225.396,225.396,-37.341
0,Li1.2 Mn0.4 Ti0.4 O2,1.50,4.80,20.0,1,2.048,224.182,224.182,-37.502
0,Li1.2 Mn0.4 Ti0.4 O2,1.50,4.80,20.0,1,2.080,222.963,222.963,-37.696
0,Li1.2 Mn0.4 Ti0.4 O2,1.50,4.80,20.0,1,2.113,221.736,221.736,-37.923
0,Li1.2 Mn0.4 Ti0.4 O2,1.50,4.80,20.0,1,2.145,220.502,220.502,-38.183
0,Li1.2 Mn0.4 Ti0.4 O2,1.50,4.80,20.0,1,2.177,219.259,219.259,-38.476
0,Li1.2 Mn0.4 Ti0.4 O2,1.50,4.80,20.0,1,2.210,218.005,218.005,-38.802
0,Li1.2 Mn0.4 Ti0.4 O2,1.50,4.80,20.0,1,2.242,216.741,216.741,-39.161
0,Li1.2 Mn0.4 Ti0.4 O2,1.50,4.80,20.0,1,2.275,215.464,215.464,-39.553
0,Li1.2 Mn0.4 Ti0.4 O2,1.50,4.80,20.0,1,2.307,214.174,214.174,-39.978
0,Li1.2 Mn0.4 Ti0.4 O2,1.50,4.80,20.0,1,2.340,212.870,212.870,-40.436
0,Li1.2 Mn0.4 Ti0.4 O2,1.50,4.80,20.0,1,2.372,211.550,211.550,-40.927
0,Li1.2 Mn0.4 Ti0.4 O2,1.50,4.80,20.0,1,2.405,210.214,210.214,-41.451
0,Li1.2 Mn0.4 Ti0.4 O2,1.50,4.80,20.0,1,2.437,208.860,208.860,-42.007
0,Li1.2 Mn0.4 Ti0.4 O2,1.50,4.80,20.0,1,2.469,207.488,207.488,-42.597
0,Li1.2 Mn0.4 Ti0.4 O2,1.50,4.80,20.0,1,2.502,206.096,206.096,-43.220
0,Li1.2 Mn0.4 Ti0.4 O2,1.50,4.80,20.0,1,2.534,204.682,204.682,-44.034
0,Li1.2 Mn0.4 Ti0.4 O2,1.50,4.80,20.0,1,2.567,203.235,203.235,-45.294
0,Li1.2 Mn0.4 Ti0.4 O2,1.50,4.80,20.0,1,2.599,201.739,201.739,-47.002
0,Li1.2 Mn0.4 Ti0.4 O2,1.50,4.80,20.0,1,2.632,200.180,200.180,-49.158
0,Li1.2 Mn0.4 Ti0.4 O2,1.50,4.80,20.0,1,2.664,198.544,198.544,-51.763
0,Li1.2 Mn0.4 Ti0.4 O2,1.50,4.80,20.0,1,2.696,196.817,196.817,-54.816
0,Li1.2 Mn0.4 Ti0.4 O2,1.50,4.80,20.0,1,2.729,194.983,194.983,-58.318
0,Li1.2 Mn0.4 Ti0.4 O2,1.50,4.80,20.0,1,2.761,193.028,193.028,-62.267
0,Li1.2 Mn0.4 Ti0.4 O2,1.50,4.80,20.0,1,2.794,190.938,190.938,-66.665
0,Li1.2 Mn0.4 Ti0.4 O2,1.50,4.80,20.0,1,2.826,188.698,188.698,-71.512
0,Li1.2 Mn0.4 Ti0.4 O2,1.50,4.80,20.0,1,2.859,186.294,186.294,-76.806
0,Li1.2 Mn0.4 Ti0.4 O2,1.50,4.80,20.0,1,2.891,183.710,183.710,-82.549
0,Li1.2 Mn0.4 Ti0.4 O2,1.50,4.80,20.0,1,2.924,180.933,180.933,-88.741
0,Li1.2 Mn0.4 Ti0.4 O2,1.50,4.80,20.0,1,2.956,177.948,177.948,-95.380
0,Li1.2 Mn0.4 Ti0.4 O2,1.50,4.80,20.0,1,2.988,174.740,174.740,-102.468
0,Li1.2 Mn0.4 Ti0.4 O2,1.50,4.80,20.0,1,3.021,171.279,171.279,-111.685
0,Li1.2 Mn0.4 Ti0.4 O2,1.50,4.80,20.0,1,3.053,167.440,167.440,-125.802
0,Li1.2 Mn0.4 Ti0.4 O2,1.50,4.80,20.0,1,3.086,163.063,163.063,-144.861
0,Li1.2 Mn0.4 Ti0.4 O2,1.50,4.80,20.0,1,3.118,157.988,157.988,-168.861
0,Li1.2 Mn0.4 Ti0.4 O2,1.50,4.80,20.0,1,3.151,152.054,152.054,-197.802
0,Li1.2 Mn0.4 Ti0.4 O2,1.50,4.80,20.0,1,3.183,145.126,145.126,-228.623
0,Li1.2 Mn0.4 Ti0.4 O2,1.50,4.80,20.0,1,3.216,137.284,137.284,-253.854
0,Li1.2 Mn0.4 Ti0.4 O2,1.50,4.80,20.0,1,3.248,128.720,128.720,-273.157
0,Li1.2 Mn0.4 Ti0.4 O2,1.50,4.80,20.0,1,3.280,119.637,119.637,-285.100
0,Li1.2 Mn0.4 Ti0.4 O2,1.50,4.80,20.0,1,3.313,110.344,110.344,-285.908
0,Li1.2 Mn0.4 Ti0.4 O2,1.50,4.80,20.0,1,3.345,101.209,101.209,-275.482
0,Li1.2 Mn0.4 Ti0.4 O2,1.50,4.80,20.0,1,3.378,92.533,92.533,-258.843
0,Li1.2 Mn0.4 Ti0.4 O2,1.50,4.80,20.0,1,3.410,84.452,84.452,-238.775
0,Li1.2 Mn0.4 Ti0.4 O2,1.50,4.80,20.0,1,3.443,77.078,77.078,-215.394
0,Li1.2 Mn0.4 Ti0.4 O2,1.50,4.80,20.0,1,3.475,70.469,70.469,-192.405
0,Li1.2 Mn0.4 Ti0.4 O2,1.50,4.80,20.0,1,3.507,64.571,64.571,-171.576
0,Li1.2 Mn0.4 Ti0.4 O2,1.50,4.80,20.0,1,3.540,59.314,59.314,-152.907
0,Li1.2 Mn0.4 Ti0.4 O2,1.50,4.80,20.0,1,3.572,54.627,54.627,-136.399
0,Li1.2 Mn0.4 Ti0.4 O2,1.50,4.80,20.0,1,3.605,50.441,50.441,-122.050
0,Li1.2 Mn0.4 Ti0.4 O2,1.50,4.80,20.0,1,3.637,46.685,46.685,-109.862
0,Li1.2 Mn0.4 Ti0.4 O2,1.50,4.80,20.0,1,3.670,43.290,43.290,-99.834
0,Li1.2 Mn0.4 Ti0.4 O2,1.50,4.80,20.0,1,3.702,40.185,40.185,-91.966
0,Li1.2 Mn0.4 Ti0.4 O2,1.50,4.80,20.0,1,3.735,37.300,37.300,-86.258
0,Li1.2 Mn0.4 Ti0.4 O2,1.50,4.80,20.0,1,3.767,34.565,34.565,-82.710
0,Li1.2 Mn0.4 Ti0.4 O2,1.50,4.80,20.0,1,3.799,31.910,31.910,-81.322
0,Li1.2 Mn0.4 Ti0.4 O2,1.50,4.80,20.0,1,3.832,29.277,29.277,-80.918
0,Li1.2 Mn0.4 Ti0.4 O2,1.50,4.80,20.0,1,3.864,26.665,26.665,-80.016
0,Li1.2 Mn0.4 Ti0.4 O2,1.50,4.80,20.0,1,3.897,24.091,24.091,-78.611
0,Li1.2 Mn0.4 Ti0.4 O2,1.50,4.80,20.0,1,3.929,21.570,21.570,-76.703
0,Li1.2 Mn0.4 Ti0.4 O2,1.50,4.80,20.0,1,3.962,19.120,19.120,-74.292
0,Li1.2 Mn0.4 Ti0.4 O2,1.50,4.80,20.0,1,3.994,16.756,16.756,-71.377
0,Li1.2 Mn0.4 Ti0.4 O2,1.50,4.80,20.0,1,4.027,14.494,14.494,-67.960
0,Li1.2 Mn0.4 Ti0.4 O2,1.50,4.80,20.0,1,4.059,12.352,12.352,-64.039
0,Li1.2 Mn0.4 Ti0.4 O2,1.50,4.80,20.0,1,4.091,10.345,10.345,-59.616
0,Li1.2 Mn0.4 Ti0.4 O2,1.50,4.80,20.0,1,4.124,8.489,8.489,-54.689
0,Li1.2 Mn0.4 Ti0.4 O2,1.50,4.80,20.0,1,4.156,6.802,6.802,-49.259
0,Li1.2 Mn0.4 Ti0.4 O2,1.50,4.80,20.0,1,4.189,5.299,5.299,-43.326
0,Li1.2 Mn0.4 Ti0.4 O2,1.50,4.80,20.0,1,4.221,3.996,3.996,-36.890
0,Li1.2 Mn0.4 Ti0.4 O2,1.50,4.80,20.0,1,4.254,2.911,2.911,-29.951
0,Li1.2 Mn0.4 Ti0.4 O2,1.50,4.80,20.0,1,4.286,2.059,2.059,-22.509
0,Li1.2 Mn0.4 Ti0.4 O2,1.50,4.80,20.0,1,4.318,1.449,1.449,-15.293
0,Li1.2 Mn0.4 Ti0.4 O2,1.50,4.80,20.0,1,4.351,1.052,1.052,-9.435
0,Li1.2 Mn0.4 Ti0.4 O2,1.50,4.80,20.0,1,4.383,0.822,0.822,-4.949
0,Li1.2 Mn0.4 Ti0.4 O2,1.50,4.80,20.0,1,4.416,0.716,0.716,-1.834
0,Li1.2 Mn0.4 Ti0.4 O2,1.50,4.80,20.0,1,4.448,0.688,0.688,-0.090
0,Li1.2 Mn0.4 Ti0.4 O2,1.50,4.80,20.0,1,4.481,0.695,0.695,0.000
0,Li1.2 Mn0.4 Ti0.4 O2,1.50,4.80,20.0,1,4.513,0.692,0.692,-0.717
0,Li1.2 Mn0.4 Ti0.4 O2,1.50,4.80,20.0,1,4.546,0.634,0.634,-2.936
0,Li1.2 Mn0.4 Ti0.4 O2,1.50,4.80,20.0,1,4.578,0.509,0.509,-4.606
0,Li1.2 Mn0.4 Ti0.4 O2,1.50,4.80,20.0,1,4.610,0.347,0.347,-5.220
0,Li1.2 Mn0.4 Ti0.4 O2,1.50,4.80,20.0,1,4.643,0.182,0.182,-4.776
0,Li1.2 Mn0.4 Ti0.4 O2,1.50,4.80,20.0,1,4.675,0.048,0.048,-3.276
0,Li1.2 Mn0.4 Ti0.4 O2,1.50,4.80,20.0,1,4.708,0.000,0.000,-0.718
0,Li1.2 Mn0.4 Ti0.4 O2,1.50,4.80,20.0,1,4.740,0.013,0.013,0.000
0,Li1.2 Mn0.4 Ti0.4 O2,1.50,4.80,20.0,2,1.523,250.763,248.902,-74.803
0,Li1.2 Mn0.4 Ti0.4 O2,1.50,4.80,20.0,2,1.556,248.228,246.565,-69.070
0,Li1.2 Mn0.4 Ti0.4 O2,1.50,4.80,20.0,2,1.588,245.871,244.407,-63.786
0,Li1.2 Mn0.4 Ti0.4 O2,1.50,4.80,20.0,2,1.621,243.679,242.414,-58.951
0,Li1.2 Mn0.4 Ti0.4 O2,1.50,4.80,20.0,2,1.653,241.639,240.571,-54.566
0,Li1.2 Mn0.4 Ti0.4 O2,1.50,4.80,20.0,2,1.686,239.738,238.863,-50.630
0,Li1.2 Mn0.4 Ti0.4 O2,1.50,4.80,20.0,2,1.718,237.964,237.275,-47.143
0,Li1.2 Mn0.4 Ti0.4 O2,1.50,4.80,20.0,2,1.751,236.304,235.794,-44.106
0,Li1.2 Mn0.4 Ti0.4 O2,1.50,4.80,20.0,2,1.783,234.745,234.403,-41.518
0,Li1.2 Mn0.4 Ti0.4 O2,1.50,4.80,20.0,2,1.816,233.273,233.090,-39.379
0,Li1.2 Mn0.4 Ti0.4 O2,1.50,4.80,20.0,2,1.848,231.877,231.839,-37.690
0,Li1.2 Mn0.4 Ti0.4 O2,1.50,4.80,20.0,2,1.881,230.543,230.635,-36.450
0,Li1.2 Mn0.4 Ti0.4 O2,1.50,4.80,20.0,2,1.913,229.258,229.465,-35.660
0,Li1.2 Mn0.4 Ti0.4 O2,1.50,4.80,20.0,2,1.946,228.010,228.313,-35.318
0,Li1.2 Mn0.4 Ti0.4 O2,1.50,4.80,20.0,2,1.978,226.785,227.164,-35.426
0,Li1.2 Mn0.4 Ti0.4 O2,1.50,4.80,20.0,2,2.011,225.571,226.005,-35.984
0,Li1.2 Mn0.4 Ti0.4 O2,1.50,4.80,20.0,2,2.043,224.355,224.823,-36.765
0,Li1.2 Mn0.4 Ti0.4 O2,1.50,4.80,20.0,2,2.076,223.134,223.616,-37.514
0,Li1.2 Mn0.4 Ti0.4 O2,1.50,4.80,20.0,2,2.108,221.907,222.385,-38.232
0,Li1.2 Mn0.4 Ti0.4 O2,1.50,4.80,20.0,2,2.141,220.671,221.131,-38.918
0,Li1.2 Mn0.4 Ti0.4 O2,1.50,4.80,20.0,2,2.173,219.427,219.856,-39.573
0,Li1.2 Mn0.4 Ti0.4 O2,1.50,4.80,20.0,2,2.206,218.173,218.559,-40.196
0,Li1.2 Mn0.4 Ti0.4 O2,1.50,4.80,20.0,2,2.238,216.907,217.243,-40.788
0,Li1.2 Mn0.4 Ti0.4 O2,1.50,4.80,20.0,2,2.271,215.630,215.909,-41.348
0,Li1.2 Mn0.4 Ti0.4 O2,1.50,4.80,20.0,2,2.303,214.340,214.556,-41.877
0,Li1.2 Mn0.4 Ti0.4 O2,1.50,4.80,20.0,2,2.336,213.035,213.187,-42.374
0,Li1.2 Mn0.4 Ti0.4 O2,1.50,4.80,20.0,2,2.368,211.715,211.802,-42.839
0,Li1.2 Mn0.4 Ti0.4 O2,1.50,4.80,20.0,2,2.401,210.378,210.403,-43.273
0,Li1.2 Mn0.4 Ti0.4 O2,1.50,4.80,20.0,2,2.433,209.025,208.990,-43.676
0,Li1.2 Mn0.4 Ti0.4 O2,1.50,4.80,20.0,2,2.466,207.652,207.564,-44.046
0,Li1.2 Mn0.4 Ti0.4 O2,1.50,4.80,20.0,2,2.498,206.260,206.127,-44.386
0,Li1.2 Mn0.4 Ti0.4 O2,1.50,4.80,20.0,2,2.531,204.846,204.677,-44.947
0,Li1.2 Mn0.4 Ti0.4 O2,1.50,4.80,20.0,2,2.563,203.401,203.200,-46.049
0,Li1.2 Mn0.4 Ti0.4 O2,1.50,4.80,20.0,2,2.596,201.908,201.678,-47.694
0,Li1.2 Mn0.4 Ti0.4 O2,1.50,4.80,20.0,2,2.628,200.355,200.094,-49.882
0,Li1.2 Mn0.4 Ti0.4 O2,1.50,4.80,20.0,2,2.661,198.725,198.430,-52.612
0,Li1.2 Mn0.4 Ti0.4 O2,1.50,4.80,20.0,2,2.693,197.005,196.669,-55.886
0,Li1.2 Mn0.4 Ti0.4 O2,1.50,4.80,20.0,2,2.726,195.180,194.792,-59.701
0,Li1.2 Mn0.4 Ti0.4 O2,1.50,4.80,20.0,2,2.758,193.235,192.782,-64.060
0,Li1.2 Mn0.4 Ti0.4 O2,1.50,4.80,20.0,2,2.791,191.155,190.622,-68.961
0,Li1.2 Mn0.4 Ti0.4 O2,1.50,4.80,20.0,2,2.823,188.927,188.294,-74.405
0,Li1.2 Mn0.4 Ti0.4 O2,1.50,4.80,20.0,2,2.856,186.535,185.780,-80.391
0,Li1.2 Mn0.4 Ti0.4 O2,1.50,4.80,20.0,2,2.888,183.964,183.063,-86.920
0,Li1.2 Mn0.4 Ti0.4 O2,1.50,4.80,20.0,2,2.921,181.201,180.125,-93.992
0,Li1.2 Mn0.4 Ti0.4 O2,1.50,4.80,20.0,2,2.953,178.230,176.948,-101.607
0,Li1.2 Mn0.4 Ti0.4 O2,1.50,4.80,20.0,2,2.986,175.037,173.514,-109.764
0,Li1.2 Mn0.4 Ti0.4 O2,1.50,4.80,20.0,2,3.018,171.596,169.787,-120.328
0,Li1.2 Mn0.4 Ti0.4 O2,1.50,4.80,20.0,2,3.051,167.790,165.647,-135.140
0,Li1.2 Mn0.4 Ti0.4 O2,1.50,4.80,20.0,2,3.083,163.457,160.957,-154.199
0,Li1.2 Mn0.4 Ti0.4 O2,1.50,4.80,20.0,2,3.116,158.437,155.579,-177.506
0,Li1.2 Mn0.4 Ti0.4 O2,1.50,4.80,20.0,2,3.148,152.569,149.374,-205.041
0,Li1.2 Mn0.4 Ti0.4 O2,1.50,4.80,20.0,2,3.181,145.708,142.272,-230.981
0,Li1.2 Mn0.4 Ti0.4 O2,1.50,4.80,20.0,2,3.213,137.917,134.428,-250.691
0,Li1.2 Mn0.4 Ti0.4 O2,1.50,4.80,20.0,2,3.246,129.385,126.045,-264.165
0,Li1.2 Mn0.4 Ti0.4 O2,1.50,4.80,20.0,2,3.278,120.316,117.344,-269.792
0,Li1.2 Mn0.4 Ti0.4 O2,1.50,4.80,20.0,2,3.311,111.009,108.607,-266.341
0,Li1.2 Mn0.4 Ti0.4 O2,1.50,4.80,20.0,2,3.343,101.835,100.129,-254.249
0,Li1.2 Mn0.4 Ti0.4 O2,1.50,4.80,20.0,2,3.376,93.106,92.112,-238.799
0,Li1.2 Mn0.4 Ti0.4 O2,1.50,4.80,20.0,2,3.408,84.967,84.627,-221.539
0,Li1.2 Mn0.4 Ti0.4 O2,1.50,4.80,20.0,2,3.441,77.530,77.732,-202.529
0,Li1.2 Mn0.4 Ti0.4 O2,1.50,4.80,20.0,2,3.473,70.862,71.455,-183.991
0,Li1.2 Mn0.4 Ti0.4 O2,1.50,4.80,20.0,2,3.506,64.911,65.756,-167.048
0,Li1.2 Mn0.4 Ti0.4 O2,1.50,4.80,20.0,2,3.538,59.608,60.580,-151.701
0,Li1.2 Mn0.4 Ti0.4 O2,1.50,4.80,20.0,2,3.570,54.881,55.878,-137.950
0,Li1.2 Mn0.4 Ti0.4 O2,1.50,4.80,20.0,2,3.603,50.661,51.597,-125.795
0,Li1.2 Mn0.4 Ti0.4 O2,1.50,4.80,20.0,2,3.635,46.877,47.684,-115.235
0,Li1.2 Mn0.4 Ti0.4 O2,1.50,4.80,20.0,2,3.668,43.458,44.089,-106.272
0,Li1.2 Mn0.4 Ti0.4 O2,1.50,4.80,20.0,2,3.700,40.334,40.760,-98.904
0,Li1.2 Mn0.4 Ti0.4 O2,1.50,4.80,20.0,2,3.733,37.435,37.643,-93.133
0,Li1.2 Mn0.4 Ti0.4 O2,1.50,4.80,20.0,2,3.765,34.689,34.689,-88.957
0,Li1.2 Mn0.4 Ti0.4 O2,1.50,4.80,20.0,2,3.798,32.028,31.844,-86.377
0,Li1.2 Mn0.4 Ti0.4 O2,1.50,4.80,20.0,2,3.830,29.389,29.064,-84.639
0,Li1.2 Mn0.4 Ti0.4 O2,1.50,4.80,20.0,2,3.863,26.772,26.347,-82.547
0,Li1.2 Mn0.4 Ti0.4 O2,1.50,4.80,20.0,2,3.895,24.191,23.703,-80.088
0,Li1.2 Mn0.4 Ti0.4 O2,1.50,4.80,20.0,2,3.928,21.663,21.145,-77.260
0,Li1.2 Mn0.4 Ti0.4 O2,1.50,4.80,20.0,2,3.960,19.206,18.685,-74.064
0,Li1.2 Mn0.4 Ti0.4 O2,1.50,4.80,20.0,2,3.993,16.834,16.335,-70.500
0,Li1.2 Mn0.4 Ti0.4 O2,1.50,4.80,20.0,2,4.025,14.565,14.107,-66.568
0,Li1.2 Mn0.4 Ti0.4 O2,1.50,4.80,20.0,2,4.058,12.415,12.012,-62.267
0,Li1.2 Mn0.4 Ti0.4 O2,1.50,4.80,20.0,2,4.090,10.400,10.064,-57.599
0,Li1.2 Mn0.4 Ti0.4 O2,1.50,4.80,20.0,2,4.123,8.536,8.272,-52.562
0,Li1.2 Mn0.4 Ti0.4 O2,1.50,4.80,20.0,2,4.155,6.841,6.651,-47.157
0,Li1.2 Mn0.4 Ti0.4 O2,1.50,4.80,20.0,2,4.188,5.331,5.211,-41.384
0,Li1.2 Mn0.4 Ti0.4 O2,1.50,4.80,20.0,2,4.220,4.022,3.965,-35.242
0,Li1.2 Mn0.4 Ti0.4 O2,1.50,4.80,20.0,2,4.253,2.930,2.925,-28.733
0,Li1.2 Mn0.4 Ti0.4 O2,1.50,4.80,20.0,2,4.285,2.071,2.102,-21.855
0,Li1.2 Mn0.4 Ti0.4 O2,1.50,4.80,20.0,2,4.318,1.457,1.503,-15.180
0,Li1.2 Mn0.4 Ti0.4 O2,1.50,4.80,20.0,2,4.350,1.056,1.102,-9.712
0,Li1.2 Mn0.4 Ti0.4 O2,1.50,4.80,20.0,2,4.383,0.824,0.858,-5.469
0,Li1.2 Mn0.4 Ti0.4 O2,1.50,4.80,20.0,2,4.415,0.716,0.733,-2.453
0,Li1.2 Mn0.4 Ti0.4 O2,1.50,4.80,20.0,2,4.448,0.688,0.686,-0.663
0,Li1.2 Mn0.4 Ti0.4 O2,1.50,4.80,20.0,2,4.480,0.695,0.677,-0.100
0,Li1.2 Mn0.4 Ti0.4 O2,1.50,4.80,20.0,2,4.513,0.692,0.666,-0.762
0,Li1.2 Mn0.4 Ti0.4 O2,1.50,4.80,20.0,2,4.545,0.635,0.614,-2.544
0,Li1.2 Mn0.4 Ti0.4 O2,1.50,4.80,20.0,2,4.578,0.509,0.506,-3.970
0,Li1.2 Mn0.4 Ti0.4 O2,1.50,4.80,20.0,2,4.610,0.347,0.365,-4.566
0,Li1.2 Mn0.4 Ti0.4 O2,1.50,4.80,20.0,2,4.643,0.181,0.218,-4.331
0,Li1.2 Mn0.4 Ti0.4 O2,1.50,4.80,20.0,2,4.675,0.048,0.092,-3.266
0,Li1.2 Mn0.4 Ti0.4 O2,1.50,4.80,20.0,2,4.708,0.000,0.015,-1.371
0,Li1.2 Mn0.4 Ti0.4 O2,1.50,4.80,20.0,2,4.740,0.014,0.012,0.000
0,Li1.2 Mn0.4 Ti0.4 O2,1.50,4.80,20.0,3,1.522,250.863,240.524,-73.466
0,Li1.2 Mn0.4 Ti0.4 O2,1.50,4.80,20.0,3,1.554,248.320,238.226,-67.960
0,Li1.2 Mn0.4 Ti0.4 O2,1.50,4.80,20.0,3,1.587,245.955,236.100,-62.897
0,Li1.2 Mn0.4 Ti0.4 O2,1.50,4.80,20.0,3,1.619,243.756,234.132,-58.275
0,Li1.2 Mn0.4 Ti0.4 O2,1.50,4.80,20.0,3,1.652,241.710,232.306,-54.094
0,Li1.2 Mn0.4 Ti0.4 O2,1.50,4.80,20.0,3,1.684,239.805,230.610,-50.356
0,Li1.2 Mn0.4 Ti0.4 O2,1.50,4.80,20.0,3,1.717,238.026,229.027,-47.059
0,Li1.2 Mn0.4 Ti0.4 O2,1.50,4.80,20.0,3,1.749,236.361,227.545,-44.204
0,Li1.2 Mn0.4 Ti0.4 O2,1.50,4.80,20.0,3,1.782,234.798,226.148,-41.791
0,Li1.2 Mn0.4 Ti0.4 O2,1.50,4.80,20.0,3,1.814,233.323,224.823,-39.820
0,Li1.2 Mn0.4 Ti0.4 O2,1.50,4.80,20.0,3,1.847,231.924,223.554,-38.290
0,Li1.2 Mn0.4 Ti0.4 O2,1.50,4.80,20.0,3,1.879,230.587,222.328,-37.202
0,Li1.2 Mn0.4 Ti0.4 O2,1.50,4.80,20.0,3,1.912,229.300,221.130,-36.556
0,Li1.2 Mn0.4 Ti0.4 O2,1.50,4.80,20.0,3,1.944,228.050,219.946,-36.352
0,Li1.2 Mn0.4 Ti0.4 O2,1.50,4.80,20.0,3,1.977,226.825,218.762,-36.589
0,Li1.2 Mn0.4 Ti0.4 O2,1.50,4.80,20.0,3,2.009,225.610,217.563,-37.250
0,Li1.2 Mn0.4 Ti0.4 O2,1.50,4.80,20.0,3,2.042,224.394,216.339,-38.004
0,Li1.2 Mn0.4 Ti0.4 O2,1.50,4.80,20.0,3,2.075,223.173,215.092,-38.730
0,Li1.2 Mn0.4 Ti0.4 O2,1.50,4.80,20.0,3,2.107,221.945,213.821,-39.426
0,Li1.2 Mn0.4 Ti0.4 O2,1.50,4.80,20.0,3,2.140,220.709,212.529,-40.093
0,Li1.2 Mn0.4 Ti0.4 O2,1.50,4.80,20.0,3,2.172,219.465,211.215,-40.731
0,Li1.2 Mn0.4 Ti0.4 O2,1.50,4.80,20.0,3,2.205,218.210,209.880,-41.339
0,Li1.2 Mn0.4 Ti0.4 O2,1.50,4.80,20.0,3,2.237,216.945,208.527,-41.919
0,Li1.2 Mn0.4 Ti0.4 O2,1.50,4.80,20.0,3,2.270,215.668,207.155,-42.470
0,Li1.2 Mn0.4 Ti0.4 O2,1.50,4.80,20.0,3,2.302,214.377,205.766,-42.991
0,Li1.2 Mn0.4 Ti0.4 O2,1.50,4.80,20.0,3,2.335,213.072,204.360,-43.484
0,Li1.2 Mn0.4 Ti0.4 O2,1.50,4.80,20.0,3,2.367,211.752,202.939,-43.947
0,Li1.2 Mn0.4 Ti0.4 O2,1.50,4.80,20.0,3,2.400,210.416,201.503,-44.382
0,Li1.2 Mn0.4 Ti0.4 O2,1.50,4.80,20.0,3,2.432,209.062,200.053,-44.787
0,Li1.2 Mn0.4 Ti0.4 O2,1.50,4.80,20.0,3,2.465,207.689,198.591,-45.163
0,Li1.2 Mn0.4 Ti0.4 O2,1.50,4.80,20.0,3,2.497,206.297,197.116,-45.595
0,Li1.2 Mn0.4 Ti0.4 O2,1.50,4.80,20.0,3,2.530,204.884,195.621,-46.477
0,Li1.2 Mn0.4 Ti0.4 O2,1.50,4.80,20.0,3,2.562,203.439,194.089,-47.859
0,Li1.2 Mn0.4 Ti0.4 O2,1.50,4.80,20.0,3,2.595,201.947,192.504,-49.741
0,Li1.2 Mn0.4 Ti0.4 O2,1.50,4.80,20.0,3,2.627,200.394,190.849,-52.122
0,Li1.2 Mn0.4 Ti0.4 O2,1.50,4.80,20.0,3,2.660,198.766,189.109,-55.004
0,Li1.2 Mn0.4 Ti0.4 O2,1.50,4.80,20.0,3,2.692,197.048,187.267,-58.385
0,Li1.2 Mn0.4 Ti0.4 O2,1.50,4.80,20.0,3,2.725,195.225,185.307,-62.265
0,Li1.2 Mn0.4 Ti0.4 O2,1.50,4.80,20.0,3,2.757,193.282,183.213,-66.646
0,Li1.2 Mn0.4 Ti0.4 O2,1.50,4.80,20.0,3,2.790,191.205,180.968,-71.527
0,Li1.2 Mn0.4 Ti0.4 O2,1.50,4.80,20.0,3,2.822,188.979,178.557,-76.907
0,Li1.2 Mn0.4 Ti0.4 O2,1.50,4.80,20.0,3,2.855,186.590,175.962,-82.787
0,Li1.2 Mn0.4 Ti0.4 O2,1.50,4.80,20.0,3,2.887,184.023,173.168,-89.167
0,Li1.2 Mn0.4 Ti0.4 O2,1.50,4.80,20.0,3,2.920,181.263,170.159,-96.046
0,Li1.2 Mn0.4 Ti0.4 O2,1.50,4.80,20.0,3,2.952,178.295,166.918,-103.426
0,Li1.2 Mn0.4 Ti0.4 O2,1.50,4.80,20.0,3,2.985,175.106,163.418,-112.425
0,Li1.2 Mn0.4 Ti0.4 O2,1.50,4.80,20.0,3,3.017,171.670,159.571,-124.775
0,Li1.2 Mn0.4 Ti0.4 O2,1.50,4.80,20.0,3,3.050,167.871,155.268,-140.495
0,Li1.2 Mn0.4 Ti0.4 O2,1.50,4.80,20.0,3,3.082,163.549,150.399,-159.585
0,Li1.2 Mn0.4 Ti0.4 O2,1.50,4.80,20.0,3,3.115,158.542,144.855,-182.045
0,Li1.2 Mn0.4 Ti0.4 O2,1.50,4.80,20.0,3,3.147,152.689,138.541,-205.817
0,Li1.2 Mn0.4 Ti0.4 O2,1.50,4.80,20.0,3,3.180,145.845,131.527,-224.833
0,Li1.2 Mn0.4 Ti0.4 O2,1.50,4.80,20.0,3,3.212,138.066,123.978,-238.698
0,Li1.2 Mn0.4 Ti0.4 O2,1.50,4.80,20.0,3,3.245,129.543,116.063,-247.178
0,Li1.2 Mn0.4 Ti0.4 O2,1.50,4.80,20.0,3,3.277,120.477,107.983,-248.623
0,Li1.2 Mn0.4 Ti0.4 O2,1.50,4.80,20.0,3,3.310,111.168,99.976,-242.711
0,Li1.2 Mn0.4 Ti0.4 O2,1.50,4.80,20.0,3,3.342,101.985,92.277,-230.211
0,Li1.2 Mn0.4 Ti0.4 O2,1.50,4.80,20.0,3,3.375,93.244,85.023,-215.880
0,Li1.2 Mn0.4 Ti0.4 O2,1.50,4.80,20.0,3,3.407,85.092,78.251,-200.537
0,Li1.2 Mn0.4 Ti0.4 O2,1.50,4.80,20.0,3,3.440,77.640,71.994,-184.213
0,Li1.2 Mn0.4 Ti0.4 O2,1.50,4.80,20.0,3,3.473,70.957,66.267,-168.360
0,Li1.2 Mn0.4 Ti0.4 O2,1.50,4.80,20.0,3,3.505,64.994,61.033,-153.780
0,Li1.2 Mn0.4 Ti0.4 O2,1.50,4.80,20.0,3,3.538,59.680,56.254,-140.472
0,Li1.2 Mn0.4 Ti0.4 O2,1.50,4.80,20.0,3,3.570,54.944,51.886,-128.437
0,Li1.2 Mn0.4 Ti0.4 O2,1.50,4.80,20.0,3,3.603,50.716,47.888,-117.675
0,Li1.2 Mn0.4 Ti0.4 O2,1.50,4.80,20.0,3,3.635,46.924,44.220,-108.185
0,Li1.2 Mn0.4 Ti0.4 O2,1.50,4.80,20.0,3,3.668,43.500,40.840,-99.968
0,Li1.2 Mn0.4 Ti0.4 O2,1.50,4.80,20.0,3,3.700,40.371,37.706,-93.023
0,Li1.2 Mn0.4 Ti0.4 O2,1.50,4.80,20.0,3,3.733,37.469,34.778,-87.351
0,Li1.2 Mn0.4 Ti0.4 O2,1.50,4.80,20.0,3,3.765,34.721,32.013,-82.952
0,Li1.2 Mn0.4 Ti0.4 O2,1.50,4.80,20.0,3,3.798,32.058,29.370,-79.825
0,Li1.2 Mn0.4 Ti0.4 O2,1.50,4.80,20.0,3,3.830,29.418,26.809,-77.912
0,Li1.2 Mn0.4 Ti0.4 O2,1.50,4.80,20.0,3,3.863,26.799,24.304,-76.082
0,Li1.2 Mn0.4 Ti0.4 O2,1.50,4.80,20.0,3,3.895,24.217,21.866,-73.897
0,Li1.2 Mn0.4 Ti0.4 O2,1.50,4.80,20.0,3,3.928,21.688,19.503,-71.359
0,Li1.2 Mn0.4 Ti0.4 O2,1.50,4.80,20.0,3,3.960,19.228,17.229,-68.466
0,Li1.2 Mn0.4 Ti0.4 O2,1.50,4.80,20.0,3,3.993,16.855,15.055,-65.219
0,Li1.2 Mn0.4 Ti0.4 O2,1.50,4.80,20.0,3,4.025,14.584,12.992,-61.618
0,Li1.2 Mn0.4 Ti0.4 O2,1.50,4.80,20.0,3,4.058,12.432,11.053,-57.663
0,Li1.2 Mn0.4 Ti0.4 O2,1.50,4.80,20.0,3,4.090,10.415,9.247,-53.354
0,Li1.2 Mn0.4 Ti0.4 O2,1.50,4.80,20.0,3,4.123,8.550,7.587,-48.690
0,Li1.2 Mn0.4 Ti0.4 O2,1.50,4.80,20.0,3,4.155,6.853,6.085,-43.672
0,Li1.2 Mn0.4 Ti0.4 O2,1.50,4.80,20.0,3,4.188,5.341,4.751,-38.301
0,Li1.2 Mn0.4 Ti0.4 O2,1.50,4.80,20.0,3,4.220,4.029,3.598,-32.575
0,Li1.2 Mn0.4 Ti0.4 O2,1.50,4.80,20.0,3,4.253,2.936,2.637,-26.494
0,Li1.2 Mn0.4 Ti0.4 O2,1.50,4.80,20.0,3,4.285,2.076,1.879,-20.060
0,Li1.2 Mn0.4 Ti0.4 O2,1.50,4.80,20.0,3,4.318,1.459,1.335,-13.527
0,Li1.2 Mn0.4 Ti0.4 O2,1.50,4.80,20.0,3,4.350,1.057,0.986,-8.129
0,Li1.2 Mn0.4 Ti0.4 O2,1.50,4.80,20.0,3,4.383,0.825,0.792,-4.029
0,Li1.2 Mn0.4 Ti0.4 O2,1.50,4.80,20.0,3,4.415,0.717,0.710,-1.227
0,Li1.2 Mn0.4 Ti0.4 O2,1.50,4.80,20.0,3,4.448,0.688,0.699,0.000
0,Li1.2 Mn0.4 Ti0.4 O2,1.50,4.80,20.0,3,4.480,0.695,0.714,0.000
0,Li1.2 Mn0.4 Ti0.4 O2,1.50,4.80,20.0,3,4.513,0.692,0.716,-0.611
0,Li1.2 Mn0.4 Ti0.4 O2,1.50,4.80,20.0,3,4.545,0.635,0.661,-2.869
0,Li1.2 Mn0.4 Ti0.4 O2,1.50,4.80,20.0,3,4.578,0.510,0.537,-4.596
0,Li1.2 Mn0.4 Ti0.4 O2,1.50,4.80,20.0,3,4.610,0.347,0.374,-5.277
0,Li1.2 Mn0.4 Ti0.4 O2,1.50,4.80,20.0,3,4.643,0.182,0.205,-4.913
0,Li1.2 Mn0.4 Ti0.4 O2,1.50,4.80,20.0,3,4.675,0.048,0.065,-3.504
0,Li1.2 Mn0.4 Ti0.4 O2,1.50,4.80,20.0,3,4.708,0.000,0.000,-1.049
0,Li1.2 Mn0.4 Ti0.4 O2,1.50,4.80,20.0,3,4.740,0.014,0.009,0.000
0,Li1.2 Mn0.4 Ti0.4 O2,1.50,4.80,20.0,4,1.527,250.465,235.364,-69.258
0,Li1.2 Mn0.4 Ti0.4 O2,1.50,4.80,20.0,4,1.559,247.954,233.187,-64.938
0,Li1.2 Mn0.4 Ti0.4 O2,1.50,4.80,20.0,4,1.592,245.618,231.145,-60.941
0,Li1.2 Mn0.4 Ti0.4 O2,1.50,4.80,20.0,4,1.624,243.446,229.227,-57.267
0,Li1.2 Mn0.4 Ti0.4 O2,1.50,4.80,20.0,4,1.657,241.424,227.423,-53.915
0,Li1.2 Mn0.4 Ti0.4 O2,1.50,4.80,20.0,4,1.689,239.541,225.723,-50.886
0,Li1.2 Mn0.4 Ti0.4 O2,1.50,4.80,20.0,4,1.722,237.782,224.116,-48.180
0,Li1.2 Mn0.4 Ti0.4 O2,1.50,4.80,20.0,4,1.754,236.135,222.591,-45.796
0,Li1.2 Mn0.4 Ti0.4 O2,1.50,4.80,20.0,4,1.786,234.587,221.139,-43.735
0,Li1.2 Mn0.4 Ti0.4 O2,1.50,4.80,20.0,4,1.819,233.126,219.748,-41.996
0,Li1.2 Mn0.4 Ti0.4 O2,1.50,4.80,20.0,4,1.851,231.738,218.409,-40.580
0,Li1.2 Mn0.4 Ti0.4 O2,1.50,4.80,20.0,4,1.884,230.411,217.110,-39.487
0,Li1.2 Mn0.4 Ti0.4 O2,1.50,4.80,20.0,4,1.916,229.132,215.842,-38.716
0,Li1.2 Mn0.4 Ti0.4 O2,1.50,4.80,20.0,4,1.949,227.888,214.593,-38.268
0,Li1.2 Mn0.4 Ti0.4 O2,1.50,4.80,20.0,4,1.981,226.666,213.354,-38.143
0,Li1.2 Mn0.4 Ti0.4 O2,1.50,4.80,20.0,4,2.014,225.453,212.113,-38.331
0,Li1.2 Mn0.4 Ti0.4 O2,1.50,4.80,20.0,4,2.046,224.239,210.864,-38.660
0,Li1.2 Mn0.4 Ti0.4 O2,1.50,4.80,20.0,4,2.079,223.019,209.603,-39.061
0,Li1.2 Mn0.4 Ti0.4 O2,1.50,4.80,20.0,4,2.111,221.792,208.327,-39.536
0,Li1.2 Mn0.4 Ti0.4 O2,1.50,4.80,20.0,4,2.144,220.557,207.035,-40.084
0,Li1.2 Mn0.4 Ti0.4 O2,1.50,4.80,20.0,4,2.176,219.313,205.724,-40.704
0,Li1.2 Mn0.4 Ti0.4 O2,1.50,4.80,20.0,4,2.208,218.059,204.392,-41.398
0,Li1.2 Mn0.4 Ti0.4 O2,1.50,4.80,20.0,4,2.241,216.795,203.035,-42.165
0,Li1.2 Mn0.4 Ti0.4 O2,1.50,4.80,20.0,4,2.273,215.518,201.653,-43.004
0,Li1.2 Mn0.4 Ti0.4 O2,1.50,4.80,20.0,4,2.306,214.227,200.243,-43.917
0,Li1.2 Mn0.4 Ti0.4 O2,1.50,4.80,20.0,4,2.338,212.923,198.801,-44.903
0,Li1.2 Mn0.4 Ti0.4 O2,1.50,4.80,20.0,4,2.371,211.603,197.327,-45.962
0,Li1.2 Mn0.4 Ti0.4 O2,1.50,4.80,20.0,4,2.403,210.267,195.816,-47.094
0,Li1.2 Mn0.4 Ti0.4 O2,1.50,4.80,20.0,4,2.436,208.913,194.268,-48.299
0,Li1.2 Mn0.4 Ti0.4 O2,1.50,4.80,20.0,4,2.468,207.540,192.680,-49.577
0,Li1.2 Mn0.4 Ti0.4 O2,1.50,4.80,20.0,4,2.501,206.148,191.049,-50.903
0,Li1.2 Mn0.4 Ti0.4 O2,1.50,4.80,20.0,4,2.533,204.734,189.375,-52.236
0,Li1.2 Mn0.4 Ti0.4 O2,1.50,4.80,20.0,4,2.566,203.287,187.658,-53.574
0,Li1.2 Mn0.4 Ti0.4 O2,1.50,4.80,20.0,4,2.598,201.792,185.897,-54.917
0,Li1.2 Mn0.4 Ti0.4 O2,1.50,4.80,20.0,4,2.630,200.235,184.092,-56.266
0,Li1.2 Mn0.4 Ti0.4 O2,1.50,4.80,20.0,4,2.663,198.601,182.244,-57.620
0,Li1.2 Mn0.4 Ti0.4 O2,1.50,4.80,20.0,4,2.695,196.876,180.351,-58.979
0,Li1.2 Mn0.4 Ti0.4 O2,1.50,4.80,20.0,4,2.728,195.044,178.412,-60.624
0,Li1.2 Mn0.4 Ti0.4 O2,1.50,4.80,20.0,4,2.760,193.092,176.400,-63.575
0,Li1.2 Mn0.4 Ti0.4 O2,1.50,4.80,20.0,4,2.793,191.005,174.270,-67.924
0,Li1.2 Mn0.4 Ti0.4 O2,1.50,4.80,20.0,4,2.825,188.769,171.975,-73.673
0,Li1.2 Mn0.4 Ti0.4 O2,1.50,4.80,20.0,4,2.858,186.368,169.472,-80.820
0,Li1.2 Mn0.4 Ti0.4 O2,1.50,4.80,20.0,4,2.890,183.788,166.713,-89.366
0,Li1.2 Mn0.4 Ti0.4 O2,1.50,4.80,20.0,4,2.923,181.015,163.654,-99.311
0,Li1.2 Mn0.4 Ti0.4 O2,1.50,4.80,20.0,4,2.955,178.033,160.250,-110.651
0,Li1.2 Mn0.4 Ti0.4 O2,1.50,4.80,20.0,4,2.988,174.830,156.456,-123.359
0,Li1.2 Mn0.4 Ti0.4 O2,1.50,4.80,20.0,4,3.020,171.374,152.227,-137.429
0,Li1.2 Mn0.4 Ti0.4 O2,1.50,4.80,20.0,4,3.052,167.545,147.519,-152.862
0,Li1.2 Mn0.4 Ti0.4 O2,1.50,4.80,20.0,4,3.085,163.181,142.287,-169.657
0,Li1.2 Mn0.4 Ti0.4 O2,1.50,4.80,20.0,4,3.117,158.122,136.490,-187.541
0,Li1.2 Mn0.4 Ti0.4 O2,1.50,4.80,20.0,4,3.150,152.206,130.140,-203.124
0,Li1.2 Mn0.4 Ti0.4 O2,1.50,4.80,20.0,4,3.182,145.297,123.338,-215.391
0,Li1.2 Mn0.4 Ti0.4 O2,1.50,4.80,20.0,4,3.215,137.468,116.192,-224.345
0,Li1.2 Mn0.4 Ti0.4 O2,1.50,4.80,20.0,4,3.247,128.912,108.816,-229.213
0,Li1.2 Mn0.4 Ti0.4 O2,1.50,4.80,20.0,4,3.280,119.832,101.367,-228.884
0,Li1.2 Mn0.4 Ti0.4 O2,1.50,4.80,20.0,4,3.312,110.534,94.013,-223.349
0,Li1.2 Mn0.4 Ti0.4 O2,1.50,4.80,20.0,4,3.345,101.386,86.915,-213.535
0,Li1.2 Mn0.4 Ti0.4 O2,1.50,4.80,20.0,4,3.377,92.693,80.167,-201.946
0,Li1.2 Mn0.4 Ti0.4 O2,1.50,4.80,20.0,4,3.410,84.595,73.822,-188.719
0,Li1.2 Mn0.4 Ti0.4 O2,1.50,4.80,20.0,4,3.442,77.202,67.932,-173.895
0,Li1.2 Mn0.4 Ti0.4 O2,1.50,4.80,20.0,4,3.474,70.576,62.528,-159.246
0,Li1.2 Mn0.4 Ti0.4 O2,1.50,4.80,20.0,4,3.507,64.663,57.581,-145.732
0,Li1.2 Mn0.4 Ti0.4 O2,1.50,4.80,20.0,4,3.539,59.392,53.055,-133.353
0,Li1.2 Mn0.4 Ti0.4 O2,1.50,4.80,20.0,4,3.572,54.694,48.911,-122.108
0,Li1.2 Mn0.4 Ti0.4 O2,1.50,4.80,20.0,4,3.604,50.498,45.114,-111.999
0,Li1.2 Mn0.4 Ti0.4 O2,1.50,4.80,20.0,4,3.637,46.734,41.628,-103.024
0,Li1.2 Mn0.4 Ti0.4 O2,1.50,4.80,20.0,4,3.669,43.332,38.414,-95.184
0,Li1.2 Mn0.4 Ti0.4 O2,1.50,4.80,20.0,4,3.702,40.222,35.436,-88.479
0,Li1.2 Mn0.4 Ti0.4 O2,1.50,4.80,20.0,4,3.734,37.332,32.657,-82.909
0,Li1.2 Mn0.4 Ti0.4 O2,1.50,4.80,20.0,4,3.767,34.594,30.040,-78.474
0,Li1.2 Mn0.4 Ti0.4 O2,1.50,4.80,20.0,4,3.799,31.937,27.550,-75.174
0,Li1.2 Mn0.4 Ti0.4 O2,1.50,4.80,20.0,4,3.832,29.303,25.148,-73.008
0,Li1.2 Mn0.4 Ti0.4 O2,1.50,4.80,20.0,4,3.864,26.689,22.805,-71.277
0,Li1.2 Mn0.4 Ti0.4 O2,1.50,4.80,20.0,4,3.896,24.112,20.524,-69.221
0,Li1.2 Mn0.4 Ti0.4 O2,1.50,4.80,20.0,4,3.929,21.590,18.314,-66.840
0,Li1.2 Mn0.4 Ti0.4 O2,1.50,4.80,20.0,4,3.961,19.137,16.188,-64.133
0,Li1.2 Mn0.4 Ti0.4 O2,1.50,4.80,20.0,4,3.994,16.771,14.154,-61.101
0,Li1.2 Mn0.4 Ti0.4 O2,1.50,4.80,20.0,4,4.026,14.507,12.224,-57.744
0,Li1.2 Mn0.4 Ti0.4 O2,1.50,4.80,20.0,4,4.059,12.362,10.409,-54.061
0,Li1.2 Mn0.4 Ti0.4 O2,1.50,4.80,20.0,4,4.091,10.353,8.718,-50.052
0,Li1.2 Mn0.4 Ti0.4 O2,1.50,4.80,20.0,4,4.124,8.496,7.162,-45.719
0,Li1.2 Mn0.4 Ti0.4 O2,1.50,4.80,20.0,4,4.156,6.807,5.753,-41.059
0,Li1.2 Mn0.4 Ti0.4 O2,1.50,4.80,20.0,4,4.189,5.302,4.500,-36.075
0,Li1.2 Mn0.4 Ti0.4 O2,1.50,4.80,20.0,4,4.221,3.999,3.414,-30.765
0,Li1.2 Mn0.4 Ti0.4 O2,1.50,4.80,20.0,4,4.254,2.912,2.506,-25.130
0,Li1.2 Mn0.4 Ti0.4 O2,1.50,4.80,20.0,4,4.286,2.059,1.787,-19.169
0,Li1.2 Mn0.4 Ti0.4 O2,1.50,4.80,20.0,4,4.318,1.449,1.264,-13.111
0,Li1.2 Mn0.4 Ti0.4 O2,1.50,4.80,20.0,4,4.351,1.051,0.924,-8.051
0,Li1.2 Mn0.4 Ti0.4 O2,1.50,4.80,20.0,4,4.383,0.822,0.729,-4.130
0,Li1.2 Mn0.4 Ti0.4 O2,1.50,4.80,20.0,4,4.416,0.716,0.643,-1.348
0,Li1.2 Mn0.4 Ti0.4 O2,1.50,4.80,20.0,4,4.448,0.688,0.629,0.000
0,Li1.2 Mn0.4 Ti0.4 O2,1.50,4.80,20.0,4,4.481,0.695,0.650,0.000
0,Li1.2 Mn0.4 Ti0.4 O2,1.50,4.80,20.0,4,4.513,0.692,0.669,0.000
0,Li1.2 Mn0.4 Ti0.4 O2,1.50,4.80,20.0,4,4.546,0.634,0.648,-1.520
0,Li1.2 Mn0.4 Ti0.4 O2,1.50,4.80,20.0,4,4.578,0.508,0.573,-3.018
0,Li1.2 Mn0.4 Ti0.4 O2,1.50,4.80,20.0,4,4.611,0.346,0.458,-3.965
0,Li1.2 Mn0.4 Ti0.4 O2,1.50,4.80,20.0,4,4.643,0.181,0.322,-4.360
0,Li1.2 Mn0.4 Ti0.4 O2,1.50,4.80,20.0,4,4.676,0.048,0.181,-4.205
0,Li1.2 Mn0.4 Ti0.4 O2,1.50,4.80,20.0,4,4.708,0.000,0.055,-3.498
0,Li1.2 Mn0.4 Ti0.4 O2,1.50,4.80,20.0,4,4.740,0.014,0.000,-2.239
0,Li1.2 Mn0.4 Ti0.4 O2,1.50,4.80,20.0,5,1.527,250.441,231.483,-61.968
0,Li1.2 Mn0.4 Ti0.4 O2,1.50,4.80,20.0,5,1.560,247.931,229.513,-59.451
0,Li1.2 Mn0.4 Ti0.4 O2,1.50,4.80,20.0,5,1.592,245.598,227.622,-57.089
0,Li1.2 Mn0.4 Ti0.4 O2,1.50,4.80,20.0,5,1.624,243.428,225.806,-54.881
0,Li1.2 Mn0.4 Ti0.4 O2,1.50,4.80,20.0,5,1.657,241.408,224.058,-52.828
0,Li1.2 Mn0.4 Ti0.4 O2,1.50,4.80,20.0,5,1.689,239.526,222.375,-50.929
0,Li1.2 Mn0.4 Ti0.4 O2,1.50,4.80,20.0,5,1.722,237.768,220.751,-49.184
0,Li1.2 Mn0.4 Ti0.4 O2,1.50,4.80,20.0,5,1.754,236.123,219.181,-47.594
0,Li1.2 Mn0.4 Ti0.4 O2,1.50,4.80,20.0,5,1.787,234.576,217.660,-46.159
0,Li1.2 Mn0.4 Ti0.4 O2,1.50,4.80,20.0,5,1.819,233.116,216.184,-44.878
0,Li1.2 Mn0.4 Ti0.4 O2,1.50,4.80,20.0,5,1.852,231.729,214.746,-43.751
0,Li1.2 Mn0.4 Ti0.4 O2,1.50,4.80,20.0,5,1.884,230.402,213.342,-42.779
0,Li1.2 Mn0.4 Ti0.4 O2,1.50,4.80,20.0,5,1.917,229.124,211.968,-41.962
0,Li1.2 Mn0.4 Ti0.4 O2,1.50,4.80,20.0,5,1.949,227.880,210.617,-41.299
0,Li1.2 Mn0.4 Ti0.4 O2,1.50,4.80,20.0,5,1.981,226.659,209.285,-40.790
0,Li1.2 Mn0.4 Ti0.4 O2,1.50,4.80,20.0,5,2.014,225.447,207.968,-40.436
0,Li1.2 Mn0.4 Ti0.4 O2,1.50,4.80,20.0,5,2.046,224.233,206.659,-40.236
0,Li1.2 Mn0.4 Ti0.4 O2,1.50,4.80,20.0,5,2.079,223.013,205.355,-40.191
0,Li1.2 Mn0.4 Ti0.4 O2,1.50,4.80,20.0,5,2.111,221.786,204.049,-40.300
0,Li1.2 Mn0.4 Ti0.4 O2,1.50,4.80,20.0,5,2.144,220.552,202.737,-40.564
0,Li1.2 Mn0.4 Ti0.4 O2,1.50,4.80,20.0,5,2.176,219.308,201.415,-40.982
0,Li1.2 Mn0.4 Ti0.4 O2,1.50,4.80,20.0,5,2.209,218.055,200.076,-41.554
0,Li1.2 Mn0.4 Ti0.4 O2,1.50,4.80,20.0,5,2.241,216.790,198.716,-42.282
0,Li1.2 Mn0.4 Ti0.4 O2,1.50,4.80,20.0,5,2.273,215.514,197.330,-43.163
0,Li1.2 Mn0.4 Ti0.4 O2,1.50,4.80,20.0,5,2.306,214.224,195.913,-44.199
0,Li1.2 Mn0.4 Ti0.4 O2,1.50,4.80,20.0,5,2.338,212.920,194.459,-45.390
0,Li1.2 Mn0.4 Ti0.4 O2,1.50,4.80,20.0,5,2.371,211.600,192.965,-46.735
0,Li1.2 Mn0.4 Ti0.4 O2,1.50,4.80,20.0,5,2.403,210.264,191.424,-48.234
0,Li1.2 Mn0.4 Ti0.4 O2,1.50,4.80,20.0,5,2.436,208.911,189.833,-49.888
0,Li1.2 Mn0.4 Ti0.4 O2,1.50,4.80,20.0,5,2.468,207.539,188.185,-51.693
0,Li1.2 Mn0.4 Ti0.4 O2,1.50,4.80,20.0,5,2.501,206.147,186.478,-53.451
0,Li1.2 Mn0.4 Ti0.4 O2,1.50,4.80,20.0,5,2.533,204.733,184.717,-55.048
0,Li1.2 Mn0.4 Ti0.4 O2,1.50,4.80,20.0,5,2.566,203.286,182.907,-56.484
0,Li1.2 Mn0.4 Ti0.4 O2,1.50,4.80,20.0,5,2.598,201.792,181.053,-57.760
0,Li1.2 Mn0.4 Ti0.4 O2,1.50,4.80,20.0,5,2.630,200.235,179.160,-58.875
0,Li1.2 Mn0.4 Ti0.4 O2,1.50,4.80,20.0,5,2.663,198.602,177.233,-59.829
0,Li1.2 Mn0.4 Ti0.4 O2,1.50,4.80,20.0,5,2.695,196.877,175.278,-60.622
0,Li1.2 Mn0.4 Ti0.4 O2,1.50,4.80,20.0,5,2.728,195.046,173.292,-62.038
0,Li1.2 Mn0.4 Ti0.4 O2,1.50,4.80,20.0,5,2.760,193.095,171.234,-65.071
0,Li1.2 Mn0.4 Ti0.4 O2,1.50,4.80,20.0,5,2.793,191.009,169.051,-69.723
0,Li1.2 Mn0.4 Ti0.4 O2,1.50,4.80,20.0,5,2.825,188.773,166.691,-75.996
0,Li1.2 Mn0.4 Ti0.4 O2,1.50,4.80,20.0,5,2.858,186.373,164.101,-83.889
0,Li1.2 Mn0.4 Ti0.4 O2,1.50,4.80,20.0,5,2.890,183.795,161.229,-93.401
0,Li1.2 Mn0.4 Ti0.4 O2,1.50,4.80,20.0,5,2.923,181.023,158.021,-104.534
0,Li1.2 Mn0.4 Ti0.4 O2,1.50,4.80,20.0,5,2.955,178.043,154.429,-116.961
0,Li1.2 Mn0.4 Ti0.4 O2,1.50,4.80,20.0,5,2.987,174.841,150.425,-129.892
0,Li1.2 Mn0.4 Ti0.4 O2,1.50,4.80,20.0,5,3.020,171.388,145.993,-143.295
0,Li1.2 Mn0.4 Ti0.4 O2,1.50,4.80,20.0,5,3.052,167.561,141.119,-157.169
0,Li1.2 Mn0.4 Ti0.4 O2,1.50,4.80,20.0,5,3.085,163.201,135.787,-171.513
0,Li1.2 Mn0.4 Ti0.4 O2,1.50,4.80,20.0,5,3.117,158.146,129.988,-185.525
0,Li1.2 Mn0.4 Ti0.4 O2,1.50,4.80,20.0,5,3.150,152.237,123.775,-196.870
0,Li1.2 Mn0.4 Ti0.4 O2,1.50,4.80,20.0,5,3.182,145.334,117.240,-205.397
0,Li1.2 Mn0.4 Ti0.4 O2,1.50,4.80,20.0,5,3.215,137.512,110.475,-211.102
0,Li1.2 Mn0.4 Ti0.4 O2,1.50,4.80,20.0,5,3.247,128.962,103.572,-213.788
0,Li1.2 Mn0.4 Ti0.4 O2,1.50,4.80,20.0,5,3.280,119.886,96.632,-213.362
0,Li1.2 Mn0.4 Ti0.4 O2,1.50,4.80,20.0,5,3.312,110.591,89.757,-209.824
0,Li1.2 Mn0.4 Ti0.4 O2,1.50,4.80,20.0,5,3.344,101.444,83.047,-203.174
0,Li1.2 Mn0.4 Ti0.4 O2,1.50,4.80,20.0,5,3.377,92.750,76.604,-193.412
0,Li1.2 Mn0.4 Ti0.4 O2,1.50,4.80,20.0,5,3.409,84.650,70.527,-180.538
0,Li1.2 Mn0.4 Ti0.4 O2,1.50,4.80,20.0,5,3.442,77.254,64.919,-164.690
0,Li1.2 Mn0.4 Ti0.4 O2,1.50,4.80,20.0,5,3.474,70.624,59.830,-149.227
0,Li1.2 Mn0.4 Ti0.4 O2,1.50,4.80,20.0,5,3.507,64.707,55.214,-135.588
0,Li1.2 Mn0.4 Ti0.4 O2,1.50,4.80,20.0,5,3.539,59.433,51.010,-123.773
0,Li1.2 Mn0.4 Ti0.4 O2,1.50,4.80,20.0,5,3.572,54.732,47.160,-113.782
0,Li1.2 Mn0.4 Ti0.4 O2,1.50,4.80,20.0,5,3.604,50.533,43.605,-105.616
0,Li1.2 Mn0.4 Ti0.4 O2,1.50,4.80,20.0,5,3.636,46.767,40.289,-98.847
0,Li1.2 Mn0.4 Ti0.4 O2,1.50,4.80,20.0,5,3.669,43.362,37.182,-92.735
0,Li1.2 Mn0.4 Ti0.4 O2,1.50,4.80,20.0,5,3.701,40.250,34.263,-87.266
0,Li1.2 Mn0.4 Ti0.4 O2,1.50,4.80,20.0,5,3.734,37.360,31.511,-82.439
0,Li1.2 Mn0.4 Ti0.4 O2,1.50,4.80,20.0,5,3.766,34.622,28.906,-78.255
0,Li1.2 Mn0.4 Ti0.4 O2,1.50,4.80,20.0,5,3.799,31.965,26.425,-74.713
0,Li1.2 Mn0.4 Ti0.4 O2,1.50,4.80,20.0,5,3.831,29.331,24.050,-71.814
0,Li1.2 Mn0.4 Ti0.4 O2,1.50,4.80,20.0,5,3.864,26.718,21.759,-69.363
0,Li1.2 Mn0.4 Ti0.4 O2,1.50,4.80,20.0,5,3.896,24.141,19.550,-66.748
0,Li1.2 Mn0.4 Ti0.4 O2,1.50,4.80,20.0,5,3.929,21.619,17.429,-63.923
0,Li1.2 Mn0.4 Ti0.4 O2,1.50,4.80,20.0,5,3.961,19.166,15.403,-60.888
0,Li1.2 Mn0.4 Ti0.4 O2,1.50,4.80,20.0,5,3.993,16.799,13.479,-57.643
0,Li1.2 Mn0.4 Ti0.4 O2,1.50,4.80,20.0,5,4.026,14.535,11.664,-54.188
0,Li1.2 Mn0.4 Ti0.4 O2,1.50,4.80,20.0,5,4.058,12.389,9.964,-50.523
0,Li1.2 Mn0.4 Ti0.4 O2,1.50,4.80,20.0,5,4.091,10.379,8.387,-46.647
0,Li1.2 Mn0.4 Ti0.4 O2,1.50,4.80,20.0,5,4.123,8.520,6.939,-42.562
0,Li1.2 Mn0.4 Ti0.4 O2,1.50,4.80,20.0,5,4.156,6.829,5.627,-38.267
0,Li1.2 Mn0.4 Ti0.4 O2,1.50,4.80,20.0,5,4.188,5.322,4.457,-33.762
0,Li1.2 Mn0.4 Ti0.4 O2,1.50,4.80,20.0,5,4.221,4.016,3.438,-29.046
0,Li1.2 Mn0.4 Ti0.4 O2,1.50,4.80,20.0,5,4.253,2.926,2.574,-24.121
0,Li1.2 Mn0.4 Ti0.4 O2,1.50,4.80,20.0,5,4.286,2.070,1.874,-18.985
0,Li1.2 Mn0.4 Ti0.4 O2,1.50,4.80,20.0,5,4.318,1.456,1.344,-13.673
0,Li1.2 Mn0.4 Ti0.4 O2,1.50,4.80,20.0,5,4.350,1.056,0.979,-8.971
0,Li1.2 Mn0.4 Ti0.4 O2,1.50,4.80,20.0,5,4.383,0.824,0.752,-5.212
0,Li1.2 Mn0.4 Ti0.4 O2,1.50,4.80,20.0,5,4.415,0.717,0.631,-2.396
0,Li1.2 Mn0.4 Ti0.4 O2,1.50,4.80,20.0,5,4.448,0.688,0.586,-0.524
0,Li1.2 Mn0.4 Ti0.4 O2,1.50,4.80,20.0,5,4.480,0.695,0.587,0.000
0,Li1.2 Mn0.4 Ti0.4 O2,1.50,4.80,20.0,5,4.513,0.692,0.602,0.000
0,Li1.2 Mn0.4 Ti0.4 O2,1.50,4.80,20.0,5,4.545,0.635,0.602,-0.566
0,Li1.2 Mn0.4 Ti0.4 O2,1.50,4.80,20.0,5,4.578,0.511,0.562,-1.861
0,Li1.2 Mn0.4 Ti0.4 O2,1.50,4.80,20.0,5,4.610,0.349,0.484,-2.907
0,Li1.2 Mn0.4 Ti0.4 O2,1.50,4.80,20.0,5,4.643,0.184,0.376,-3.704
0,Li1.2 Mn0.4 Ti0.4 O2,1.50,4.80,20.0,5,4.675,0.050,0.246,-4.252
0,Li1.2 Mn0.4 Ti0.4 O2,1.50,4.80,20.0,5,4.707,0.000,0.103,-4.551
0,Li1.2 Mn0.4 Ti0.4 O2,1.50,4.80,20.0,5,4.740,0.012,0.000,-4.602
0,Li1.2 Mn0.4 Ti0.4 O2,1.50,4.80,20.0,6,1.526,250.515,228.208,-62.625
0,Li1.2 Mn0.4 Ti0.4 O2,1.50,4.80,20.0,6,1.559,248.000,226.215,-60.184
0,Li1.2 Mn0.4 Ti0.4 O2,1.50,4.80,20.0,6,1.591,245.661,224.299,-57.892
0,Li1.2 Mn0.4 Ti0.4 O2,1.50,4.80,20.0,6,1.624,243.486,222.455,-55.750
0,Li1.2 Mn0.4 Ti0.4 O2,1.50,4.80,20.0,6,1.656,241.461,220.678,-53.757
0,Li1.2 Mn0.4 Ti0.4 O2,1.50,4.80,20.0,6,1.688,239.575,218.963,-51.913
0,Li1.2 Mn0.4 Ti0.4 O2,1.50,4.80,20.0,6,1.721,237.814,217.306,-50.219
0,Li1.2 Mn0.4 Ti0.4 O2,1.50,4.80,20.0,6,1.753,236.165,215.701,-48.674
0,Li1.2 Mn0.4 Ti0.4 O2,1.50,4.80,20.0,6,1.786,234.615,214.144,-47.278
0,Li1.2 Mn0.4 Ti0.4 O2,1.50,4.80,20.0,6,1.818,233.153,212.630,-46.031
0,Li1.2 Mn0.4 Ti0.4 O2,1.50,4.80,20.0,6,1.851,231.764,211.154,-44.934
0,Li1.2 Mn0.4 Ti0.4 O2,1.50,4.80,20.0,6,1.883,230.435,209.711,-43.987
0,Li1.2 Mn0.4 Ti0.4 O2,1.50,4.80,20.0,6,1.916,229.156,208.297,-43.188
0,Li1.2 Mn0.4 Ti0.4 O2,1.50,4.80,20.0,6,1.948,227.911,206.906,-42.539
0,Li1.2 Mn0.4 Ti0.4 O2,1.50,4.80,20.0,6,1.981,226.689,205.533,-42.040
0,Li1.2 Mn0.4 Ti0.4 O2,1.50,4.80,20.0,6,2.013,225.476,204.175,-41.689
0,Li1.2 Mn0.4 Ti0.4 O2,1.50,4.80,20.0,6,2.046,224.262,202.825,-41.489
0,Li1.2 Mn0.4 Ti0.4 O2,1.50,4.80,20.0,6,2.078,223.042,201.479,-41.437
0,Li1.2 Mn0.4 Ti0.4 O2,1.50,4.80,20.0,6,2.110,221.815,200.133,-41.535
0,Li1.2 Mn0.4 Ti0.4 O2,1.50,4.80,20.0,6,2.143,220.580,198.781,-41.782
0,Li1.2 Mn0.4 Ti0.4 O2,1.50,4.80,20.0,6,2.175,219.337,197.419,-42.178
0,Li1.2 Mn0.4 Ti0.4 O2,1.50,4.80,20.0,6,2.208,218.083,196.041,-42.724
0,Li1.2 Mn0.4 Ti0.4 O2,1.50,4.80,20.0,6,2.240,216.819,194.643,-43.419
0,Li1.2 Mn0.4 Ti0.4 O2,1.50,4.80,20.0,6,2.273,215.542,193.221,-44.263
0,Li1.2 Mn0.4 Ti0.4 O2,1.50,4.80,20.0,6,2.305,214.252,191.768,-45.257
0,Li1.2 Mn0.4 Ti0.4 O2,1.50,4.80,20.0,6,2.338,212.948,190.281,-46.400
0,Li1.2 Mn0.4 Ti0.4 O2,1.50,4.80,20.0,6,2.370,211.628,188.754,-47.693
0,Li1.2 Mn0.4 Ti0.4 O2,1.50,4.80,20.0,6,2.403,210.292,187.183,-49.134
0,Li1.2 Mn0.4 Ti0.4 O2,1.50,4.80,20.0,6,2.435,208.939,185.562,-50.725
0,Li1.2 Mn0.4 Ti0.4 O2,1.50,4.80,20.0,6,2.468,207.567,183.888,-52.432
0,Li1.2 Mn0.4 Ti0.4 O2,1.50,4.80,20.0,6,2.500,206.175,182.160,-54.018
0,Li1.2 Mn0.4 Ti0.4 O2,1.50,4.80,20.0,6,2.532,204.761,180.383,-55.437
0,Li1.2 Mn0.4 Ti0.4 O2,1.50,4.80,20.0,6,2.565,203.315,178.562,-56.690
0,Li1.2 Mn0.4 Ti0.4 O2,1.50,4.80,20.0,6,2.597,201.821,176.704,-57.776
0,Li1.2 Mn0.4 Ti0.4 O2,1.50,4.80,20.0,6,2.630,200.265,174.813,-58.696
0,Li1.2 Mn0.4 Ti0.4 O2,1.50,4.80,20.0,6,2.662,198.633,172.895,-59.449
0,Li1.2 Mn0.4 Ti0.4 O2,1.50,4.80,20.0,6,2.695,196.909,170.955,-60.093
0,Li1.2 Mn0.4 Ti0.4 O2,1.50,4.80,20.0,6,2.727,195.080,168.980,-61.864
0,Li1.2 Mn0.4 Ti0.4 O2,1.50,4.80,20.0,6,2.760,193.131,166.921,-65.264
0,Li1.2 Mn0.4 Ti0.4 O2,1.50,4.80,20.0,6,2.792,191.046,164.725,-70.293
0,Li1.2 Mn0.4 Ti0.4 O2,1.50,4.80,20.0,6,2.825,188.813,162.340,-76.950
0,Li1.2 Mn0.4 Ti0.4 O2,1.50,4.80,20.0,6,2.857,186.415,159.712,-85.237
0,Li1.2 Mn0.4 Ti0.4 O2,1.50,4.80,20.0,6,2.890,183.839,156.788,-95.152
0,Li1.2 Mn0.4 Ti0.4 O2,1.50,4.80,20.0,6,2.922,181.069,153.516,-106.695
0,Li1.2 Mn0.4 Ti0.4 O2,1.50,4.80,20.0,6,2.954,178.092,149.852,-119.096
0,Li1.2 Mn0.4 Ti0.4 O2,1.50,4.80,20.0,6,2.987,174.893,145.782,-131.700
0,Li1.2 Mn0.4 Ti0.4 O2,1.50,4.80,20.0,6,3.019,171.443,141.299,-144.507
0,Li1.2 Mn0.4 Ti0.4 O2,1.50,4.80,20.0,6,3.052,167.622,136.398,-157.517
0,Li1.2 Mn0.4 Ti0.4 O2,1.50,4.80,20.0,6,3.084,163.270,131.071,-170.730
0,Li1.2 Mn0.4 Ti0.4 O2,1.50,4.80,20.0,6,3.117,158.225,125.322,-183.004
0,Li1.2 Mn0.4 Ti0.4 O2,1.50,4.80,20.0,6,3.149,152.327,119.219,-192.574
0,Li1.2 Mn0.4 Ti0.4 O2,1.50,4.80,20.0,6,3.182,145.437,112.849,-199.420
0,Li1.2 Mn0.4 Ti0.4 O2,1.50,4.80,20.0,6,3.214,137.624,106.301,-203.548
0,Li1.2 Mn0.4 Ti0.4 O2,1.50,4.80,20.0,6,3.247,129.080,99.662,-205.045
0,Li1.2 Mn0.4 Ti0.4 O2,1.50,4.80,20.0,6,3.279,120.007,93.017,-203.937
0,Li1.2 Mn0.4 Ti0.4 O2,1.50,4.80,20.0,6,3.312,110.710,86.450,-200.225
0,Li1.2 Mn0.4 Ti0.4 O2,1.50,4.80,20.0,6,3.344,101.556,80.046,-193.907
0,Li1.2 Mn0.4 Ti0.4 O2,1.50,4.80,20.0,6,3.376,92.853,73.889,-184.985
0,Li1.2 Mn0.4 Ti0.4 O2,1.50,4.80,20.0,6,3.409,84.743,68.064,-173.457
0,Li1.2 Mn0.4 Ti0.4 O2,1.50,4.80,20.0,6,3.441,77.335,62.656,-159.326
0,Li1.2 Mn0.4 Ti0.4 O2,1.50,4.80,20.0,6,3.474,70.695,57.724,-144.758
0,Li1.2 Mn0.4 Ti0.4 O2,1.50,4.80,20.0,6,3.506,64.769,53.240,-131.791
0,Li1.2 Mn0.4 Ti0.4 O2,1.50,4.80,20.0,6,3.539,59.487,49.151,-120.425
0,Li1.2 Mn0.4 Ti0.4 O2,1.50,4.80,20.0,6,3.571,54.778,45.404,-110.660
0,Li1.2 Mn0.4 Ti0.4 O2,1.50,4.80,20.0,6,3.604,50.574,41.949,-102.497
0,Li1.2 Mn0.4 Ti0.4 O2,1.50,4.80,20.0,6,3.636,46.802,38.732,-95.901
0,Li1.2 Mn0.4 Ti0.4 O2,1.50,4.80,20.0,6,3.669,43.394,35.714,-90.133
0,Li1.2 Mn0.4 Ti0.4 O2,1.50,4.80,20.0,6,3.701,40.278,32.875,-84.892
0,Li1.2 Mn0.4 Ti0.4 O2,1.50,4.80,20.0,6,3.734,37.386,30.197,-80.176
0,Li1.2 Mn0.4 Ti0.4 O2,1.50,4.80,20.0,6,3.766,34.646,27.664,-75.986
0,Li1.2 Mn0.4 Ti0.4 O2,1.50,4.80,20.0,6,3.798,31.988,25.258,-72.322
0,Li1.2 Mn0.4 Ti0.4 O2,1.50,4.80,20.0,6,3.831,29.353,22.963,-69.184
0,Li1.2 Mn0.4 Ti0.4 O2,1.50,4.80,20.0,6,3.863,26.738,20.761,-66.528
0,Li1.2 Mn0.4 Ti0.4 O2,1.50,4.80,20.0,6,3.896,24.161,18.644,-63.845
0,Li1.2 Mn0.4 Ti0.4 O2,1.50,4.80,20.0,6,3.928,21.637,16.618,-60.990
0,Li1.2 Mn0.4 Ti0.4 O2,1.50,4.80,20.0,6,3.961,19.183,14.686,-57.961
0,Li1.2 Mn0.4 Ti0.4 O2,1.50,4.80,20.0,6,3.993,16.815,12.856,-54.760
0,Li1.2 Mn0.4 Ti0.4 O2,1.50,4.80,20.0,6,4.026,14.549,11.133,-51.385
0,Li1.2 Mn0.4 Ti0.4 O2,1.50,4.80,20.0,6,4.058,12.402,9.522,-47.837
0,Li1.2 Mn0.4 Ti0.4 O2,1.50,4.80,20.0,6,4.091,10.390,8.029,-44.116
0,Li1.2 Mn0.4 Ti0.4 O2,1.50,4.80,20.0,6,4.123,8.530,6.660,-40.223
0,Li1.2 Mn0.4 Ti0.4 O2,1.50,4.80,20.0,6,4.156,6.837,5.420,-36.156
0,Li1.2 Mn0.4 Ti0.4 O2,1.50,4.80,20.0,6,4.188,5.329,4.314,-31.916
0,Li1.2 Mn0.4 Ti0.4 O2,1.50,4.80,20.0,6,4.220,4.021,3.349,-27.503
0,Li1.2 Mn0.4 Ti0.4 O2,1.50,4.80,20.0,6,4.253,2.930,2.531,-22.917
0,Li1.2 Mn0.4 Ti0.4 O2,1.50,4.80,20.0,6,4.285,2.073,1.863,-18.158
0,Li1.2 Mn0.4 Ti0.4 O2,1.50,4.80,20.0,6,4.318,1.458,1.354,-13.256
0,Li1.2 Mn0.4 Ti0.4 O2,1.50,4.80,20.0,6,4.350,1.057,0.996,-8.903
0,Li1.2 Mn0.4 Ti0.4 O2,1.50,4.80,20.0,6,4.383,0.825,0.766,-5.386
0,Li1.2 Mn0.4 Ti0.4 O2,1.50,4.80,20.0,6,4.415,0.717,0.637,-2.704
0,Li1.2 Mn0.4 Ti0.4 O2,1.50,4.80,20.0,6,4.448,0.688,0.582,-0.859
0,Li1.2 Mn0.4 Ti0.4 O2,1.50,4.80,20.0,6,4.480,0.695,0.573,0.000
0,Li1.2 Mn0.4 Ti0.4 O2,1.50,4.80,20.0,6,4.513,0.692,0.583,0.000
0,Li1.2 Mn0.4 Ti0.4 O2,1.50,4.80,20.0,6,4.545,0.636,0.585,-0.339
0,Li1.2 Mn0.4 Ti0.4 O2,1.50,4.80,20.0,6,4.578,0.511,0.557,-1.370
0,Li1.2 Mn0.4 Ti0.4 O2,1.50,4.80,20.0,6,4.610,0.349,0.496,-2.364
0,Li1.2 Mn0.4 Ti0.4 O2,1.50,4.80,20.0,6,4.642,0.184,0.404,-3.320
0,Li1.2 Mn0.4 Ti0.4 O2,1.50,4.80,20.0,6,4.675,0.050,0.281,-4.239
0,Li1.2 Mn0.4 Ti0.4 O2,1.50,4.80,20.0,6,4.707,0.000,0.129,-5.120
0,Li1.2 Mn0.4 Ti0.4 O2,1.50,4.80,20.0,6,4.740,0.012,0.000,-5.963
0,Li1.2 Mn0.4 Ti0.4 O2,1.50,4.80,20.0,7,1.525,250.639,226.852,-62.547
0,Li1.2 Mn0.4 Ti0.4 O2,1.50,4.80,20.0,7,1.557,248.114,224.858,-60.231
0,Li1.2 Mn0.4 Ti0.4 O2,1.50,4.80,20.0,7,1.590,245.766,222.938,-58.059
0,Li1.2 Mn0.4 Ti0.4 O2,1.50,4.80,20.0,7,1.622,243.582,221.085,-56.031
0,Li1.2 Mn0.4 Ti0.4 O2,1.50,4.80,20.0,7,1.655,241.550,219.296,-54.147
0,Li1.2 Mn0.4 Ti0.4 O2,1.50,4.80,20.0,7,1.687,239.657,217.566,-52.407
0,Li1.2 Mn0.4 Ti0.4 O2,1.50,4.80,20.0,7,1.719,237.889,215.890,-50.812
0,Li1.2 Mn0.4 Ti0.4 O2,1.50,4.80,20.0,7,1.752,236.234,214.264,-49.360
0,Li1.2 Mn0.4 Ti0.4 O2,1.50,4.80,20.0,7,1.784,234.680,212.682,-48.052
0,Li1.2 Mn0.4 Ti0.4 O2,1.50,4.80,20.0,7,1.817,233.213,211.141,-46.889
0,Li1.2 Mn0.4 Ti0.4 O2,1.50,4.80,20.0,7,1.849,231.820,209.635,-45.869
0,Li1.2 Mn0.4 Ti0.4 O2,1.50,4.80,20.0,7,1.882,230.489,208.159,-44.994
0,Li1.2 Mn0.4 Ti0.4 O2,1.50,4.80,20.0,7,1.914,229.207,206.710,-44.263
0,Li1.2 Mn0.4 Ti0.4 O2,1.50,4.80,20.0,7,1.947,227.960,205.282,-43.675
0,Li1.2 Mn0.4 Ti0.4 O2,1.50,4.80,20.0,7,1.979,226.737,203.871,-43.232
0,Li1.2 Mn0.4 Ti0.4 O2,1.50,4.80,20.0,7,2.012,225.523,202.472,-42.933
0,Li1.2 Mn0.4 Ti0.4 O2,1.50,4.80,20.0,7,2.044,224.309,201.081,-42.778
0,Li1.2 Mn0.4 Ti0.4 O2,1.50,4.80,20.0,7,2.077,223.088,199.692,-42.767
0,Li1.2 Mn0.4 Ti0.4 O2,1.50,4.80,20.0,7,2.109,221.861,198.301,-42.900
0,Li1.2 Mn0.4 Ti0.4 O2,1.50,4.80,20.0,7,2.142,220.626,196.904,-43.177
0,Li1.2 Mn0.4 Ti0.4 O2,1.50,4.80,20.0,7,2.174,219.382,195.495,-43.598
0,Li1.2 Mn0.4 Ti0.4 O2,1.50,4.80,20.0,7,2.207,218.128,194.070,-44.163
0,Li1.2 Mn0.4 Ti0.4 O2,1.50,4.80,20.0,7,2.239,216.863,192.624,-44.873
0,Li1.2 Mn0.4 Ti0.4 O2,1.50,4.80,20.0,7,2.272,215.586,191.153,-45.726
0,Li1.2 Mn0.4 Ti0.4 O2,1.50,4.80,20.0,7,2.304,214.296,189.652,-46.723
0,Li1.2 Mn0.4 Ti0.4 O2,1.50,4.80,20.0,7,2.337,212.991,188.117,-47.865
0,Li1.2 Mn0.4 Ti0.4 O2,1.50,4.80,20.0,7,2.369,211.672,186.541,-49.150
0,Li1.2 Mn0.4 Ti0.4 O2,1.50,4.80,20.0,7,2.402,210.335,184.922,-50.580
0,Li1.2 Mn0.4 Ti0.4 O2,1.50,4.80,20.0,7,2.434,208.982,183.254,-52.154
0,Li1.2 Mn0.4 Ti0.4 O2,1.50,4.80,20.0,7,2.467,207.609,181.533,-53.839
0,Li1.2 Mn0.4 Ti0.4 O2,1.50,4.80,20.0,7,2.499,206.218,179.758,-55.429
0,Li1.2 Mn0.4 Ti0.4 O2,1.50,4.80,20.0,7,2.531,204.804,177.934,-56.889
0,Li1.2 Mn0.4 Ti0.4 O2,1.50,4.80,20.0,7,2.564,203.358,176.064,-58.218
0,Li1.2 Mn0.4 Ti0.4 O2,1.50,4.80,20.0,7,2.596,201.865,174.153,-59.417
0,Li1.2 Mn0.4 Ti0.4 O2,1.50,4.80,20.0,7,2.629,200.310,172.205,-60.485
0,Li1.2 Mn0.4 Ti0.4 O2,1.50,4.80,20.0,7,2.661,198.679,170.225,-61.422
0,Li1.2 Mn0.4 Ti0.4 O2,1.50,4.80,20.0,7,2.694,196.957,168.217,-62.295
0,Li1.2 Mn0.4 Ti0.4 O2,1.50,4.80,20.0,7,2.726,195.130,166.165,-64.273
0,Li1.2 Mn0.4 Ti0.4 O2,1.50,4.80,20.0,7,2.759,193.183,164.025,-67.784
0,Li1.2 Mn0.4 Ti0.4 O2,1.50,4.80,20.0,7,2.791,191.101,161.745,-72.828
0,Li1.2 Mn0.4 Ti0.4 O2,1.50,4.80,20.0,7,2.824,188.870,159.277,-79.406
0,Li1.2 Mn0.4 Ti0.4 O2,1.50,4.80,20.0,7,2.856,186.475,156.570,-87.518
0,Li1.2 Mn0.4 Ti0.4 O2,1.50,4.80,20.0,7,2.889,183.901,153.575,-97.163
0,Li1.2 Mn0.4 Ti0.4 O2,1.50,4.80,20.0,7,2.921,181.135,150.243,-108.240
0,Li1.2 Mn0.4 Ti0.4 O2,1.50,4.80,20.0,7,2.954,178.161,146.539,-119.888
0,Li1.2 Mn0.4 Ti0.4 O2,1.50,4.80,20.0,7,2.986,174.965,142.450,-131.910
0,Li1.2 Mn0.4 Ti0.4 O2,1.50,4.80,20.0,7,3.019,171.520,137.966,-144.307
0,Li1.2 Mn0.4 Ti0.4 O2,1.50,4.80,20.0,7,3.051,167.706,133.072,-157.078
0,Li1.2 Mn0.4 Ti0.4 O2,1.50,4.80,20.0,7,3.084,163.364,127.758,-170.182
0,Li1.2 Mn0.4 Ti0.4 O2,1.50,4.80,20.0,7,3.116,158.331,122.035,-181.761
0,Li1.2 Mn0.4 Ti0.4 O2,1.50,4.80,20.0,7,3.149,152.448,115.978,-190.806
0,Li1.2 Mn0.4 Ti0.4 O2,1.50,4.80,20.0,7,3.181,145.573,109.668,-197.316
0,Li1.2 Mn0.4 Ti0.4 O2,1.50,4.80,20.0,7,3.214,137.771,103.188,-201.155
0,Li1.2 Mn0.4 Ti0.4 O2,1.50,4.80,20.0,7,3.246,129.233,96.639,-201.543
0,Li1.2 Mn0.4 Ti0.4 O2,1.50,4.80,20.0,7,3.279,120.162,90.134,-198.354
0,Li1.2 Mn0.4 Ti0.4 O2,1.50,4.80,20.0,7,3.311,110.860,83.792,-191.591
0,Li1.2 Mn0.4 Ti0.4 O2,1.50,4.80,20.0,7,3.344,101.695,77.711,-182.683
0,Li1.2 Mn0.4 Ti0.4 O2,1.50,4.80,20.0,7,3.376,92.980,71.933,-172.964
0,Li1.2 Mn0.4 Ti0.4 O2,1.50,4.80,20.0,7,3.408,84.855,66.484,-162.433
0,Li1.2 Mn0.4 Ti0.4 O2,1.50,4.80,20.0,7,3.441,77.433,61.390,-151.095
0,Li1.2 Mn0.4 Ti0.4 O2,1.50,4.80,20.0,7,3.473,70.778,56.667,-139.850
0,Li1.2 Mn0.4 Ti0.4 O2,1.50,4.80,20.0,7,3.506,64.840,52.297,-129.365
0,Li1.2 Mn0.4 Ti0.4 O2,1.50,4.80,20.0,7,3.538,59.547,48.256,-119.641
0,Li1.2 Mn0.4 Ti0.4 O2,1.50,4.80,20.0,7,3.571,54.830,44.517,-110.677
0,Li1.2 Mn0.4 Ti0.4 O2,1.50,4.80,20.0,7,3.603,50.617,41.058,-102.473
0,Li1.2 Mn0.4 Ti0.4 O2,1.50,4.80,20.0,7,3.636,46.839,37.852,-95.030
0,Li1.2 Mn0.4 Ti0.4 O2,1.50,4.80,20.0,7,3.668,43.426,34.876,-88.347
0,Li1.2 Mn0.4 Ti0.4 O2,1.50,4.80,20.0,7,3.701,40.306,32.105,-82.425
0,Li1.2 Mn0.4 Ti0.4 O2,1.50,4.80,20.0,7,3.733,37.410,29.514,-77.263
0,Li1.2 Mn0.4 Ti0.4 O2,1.50,4.80,20.0,7,3.766,34.667,27.078,-72.862
0,Li1.2 Mn0.4 Ti0.4 O2,1.50,4.80,20.0,7,3.798,32.008,24.772,-69.221
0,Li1.2 Mn0.4 Ti0.4 O2,1.50,4.80,20.0,7,3.831,29.371,22.573,-66.341
0,Li1.2 Mn0.4 Ti0.4 O2,1.50,4.80,20.0,7,3.863,26.755,20.455,-64.162
0,Li1.2 Mn0.4 Ti0.4 O2,1.50,4.80,20.0,7,3.896,24.176,18.406,-61.964
0,Li1.2 Mn0.4 Ti0.4 O2,1.50,4.80,20.0,7,3.928,21.650,16.432,-59.535
0,Li1.2 Mn0.4 Ti0.4 O2,1.50,4.80,20.0,7,3.961,19.194,14.541,-56.876
0,Li1.2 Mn0.4 Ti0.4 O2,1.50,4.80,20.0,7,3.993,16.824,12.740,-53.985
0,Li1.2 Mn0.4 Ti0.4 O2,1.50,4.80,20.0,7,4.026,14.557,11.036,-50.864
0,Li1.2 Mn0.4 Ti0.4 O2,1.50,4.80,20.0,7,4.058,12.408,9.438,-47.512
0,Li1.2 Mn0.4 Ti0.4 O2,1.50,4.80,20.0,7,4.091,10.395,7.952,-43.929
0,Li1.2 Mn0.4 Ti0.4 O2,1.50,4.80,20.0,7,4.123,8.533,6.587,-40.115
0,Li1.2 Mn0.4 Ti0.4 O2,1.50,4.80,20.0,7,4.156,6.839,5.349,-36.070
0,Li1.2 Mn0.4 Ti0.4 O2,1.50,4.80,20.0,7,4.188,5.330,4.246,-31.795
0,Li1.2 Mn0.4 Ti0.4 O2,1.50,4.80,20.0,7,4.220,4.021,3.286,-27.288
0,Li1.2 Mn0.4 Ti0.4 O2,1.50,4.80,20.0,7,4.253,2.930,2.476,-22.551
0,Li1.2 Mn0.4 Ti0.4 O2,1.50,4.80,20.0,7,4.285,2.072,1.823,-17.583
0,Li1.2 Mn0.4 Ti0.4 O2,1.50,4.80,20.0,7,4.318,1.458,1.336,-12.421
0,Li1.2 Mn0.4 Ti0.4 O2,1.50,4.80,20.0,7,4.350,1.056,1.009,-7.903
0,Li1.2 Mn0.4 Ti0.4 O2,1.50,4.80,20.0,7,4.383,0.824,0.812,-4.376
0,Li1.2 Mn0.4 Ti0.4 O2,1.50,4.80,20.0,7,4.415,0.716,0.714,-1.840
0,Li1.2 Mn0.4 Ti0.4 O2,1.50,4.80,20.0,7,4.448,0.688,0.682,-0.295
0,Li1.2 Mn0.4 Ti0.4 O2,1.50,4.80,20.0,7,4.480,0.695,0.684,0.000
0,Li1.2 Mn0.4 Ti0.4 O2,1.50,4.80,20.0,7,4.513,0.692,0.688,-0.176
0,Li1.2 Mn0.4 Ti0.4 O2,1.50,4.80,20.0,7,4.545,0.635,0.662,-1.602
0,Li1.2 Mn0.4 Ti0.4 O2,1.50,4.80,20.0,7,4.578,0.510,0.583,-3.161
0,Li1.2 Mn0.4 Ti0.4 O2,1.50,4.80,20.0,7,4.610,0.348,0.463,-4.120
0,Li1.2 Mn0.4 Ti0.4 O2,1.50,4.80,20.0,7,4.643,0.183,0.321,-4.481
0,Li1.2 Mn0.4 Ti0.4 O2,1.50,4.80,20.0,7,4.675,0.049,0.178,-4.242
0,Li1.2 Mn0.4 Ti0.4 O2,1.50,4.80,20.0,7,4.708,0.000,0.052,-3.404
0,Li1.2 Mn0.4 Ti0.4 O2,1.50,4.80,20.0,7,4.740,0.013,0.000,-1.967
0,Li1.2 Mn0.4 Ti0.4 O2,1.50,4.80,20.0,8,1.521,250.939,225.151,-63.413
0,Li1.2 Mn0.4 Ti0.4 O2,1.50,4.80,20.0,8,1.553,248.390,223.126,-61.193
0,Li1.2 Mn0.4 Ti0.4 O2,1.50,4.80,20.0,8,1.586,246.020,221.170,-59.109
0,Li1.2 Mn0.4 Ti0.4 O2,1.50,4.80,20.0,8,1.618,243.816,219.280,-57.162
0,Li1.2 Mn0.4 Ti0.4 O2,1.50,4.80,20.0,8,1.651,241.766,217.452,-55.352
0,Li1.2 Mn0.4 Ti0.4 O2,1.50,4.80,20.0,8,1.683,239.856,215.680,-53.678
0,Li1.2 Mn0.4 Ti0.4 O2,1.50,4.80,20.0,8,1.716,238.074,213.960,-52.141
0,Li1.2 Mn0.4 Ti0.4 O2,1.50,4.80,20.0,8,1.749,236.406,212.287,-50.741
0,Li1.2 Mn0.4 Ti0.4 O2,1.50,4.80,20.0,8,1.781,234.840,210.658,-49.477
0,Li1.2 Mn0.4 Ti0.4 O2,1.50,4.80,20.0,8,1.814,233.363,209.068,-48.350
0,Li1.2 Mn0.4 Ti0.4 O2,1.50,4.80,20.0,8,1.846,231.961,207.513,-47.359
0,Li1.2 Mn0.4 Ti0.4 O2,1.50,4.80,20.0,8,1.879,230.623,205.987,-46.505
0,Li1.2 Mn0.4 Ti0.4 O2,1.50,4.80,20.0,8,1.911,229.335,204.487,-45.788
0,Li1.2 Mn0.4 Ti0.4 O2,1.50,4.80,20.0,8,1.944,228.084,203.008,-45.207
0,Li1.2 Mn0.4 Ti0.4 O2,1.50,4.80,20.0,8,1.976,226.858,201.546,-44.763
0,Li1.2 Mn0.4 Ti0.4 O2,1.50,4.80,20.0,8,2.009,225.643,200.096,-44.455
0,Li1.2 Mn0.4 Ti0.4 O2,1.50,4.80,20.0,8,2.041,224.427,198.654,-44.284
0,Li1.2 Mn0.4 Ti0.4 O2,1.50,4.80,20.0,8,2.074,223.206,197.215,-44.250
0,Li1.2 Mn0.4 Ti0.4 O2,1.50,4.80,20.0,8,2.106,221.978,195.775,-44.352
0,Li1.2 Mn0.4 Ti0.4 O2,1.50,4.80,20.0,8,2.139,220.742,194.329,-44.591
0,Li1.2 Mn0.4 Ti0.4 O2,1.50,4.80,20.0,8,2.171,219.498,192.874,-44.966
0,Li1.2 Mn0.4 Ti0.4 O2,1.50,4.80,20.0,8,2.204,218.244,191.403,-45.478
0,Li1.2 Mn0.4 Ti0.4 O2,1.50,4.80,20.0,8,2.236,216.979,189.915,-46.127
0,Li1.2 Mn0.4 Ti0.4 O2,1.50,4.80,20.0,8,2.269,215.701,188.402,-46.912
0,Li1.2 Mn0.4 Ti0.4 O2,1.50,4.80,20.0,8,2.301,214.411,186.862,-47.834
0,Li1.2 Mn0.4 Ti0.4 O2,1.50,4.80,20.0,8,2.334,213.106,185.290,-48.893
0,Li1.2 Mn0.4 Ti0.4 O2,1.50,4.80,20.0,8,2.366,211.787,183.682,-50.088
0,Li1.2 Mn0.4 Ti0.4 O2,1.50,4.80,20.0,8,2.399,210.450,182.032,-51.420
0,Li1.2 Mn0.4 Ti0.4 O2,1.50,4.80,20.0,8,2.431,209.097,180.336,-52.888
0,Li1.2 Mn0.4 Ti0.4 O2,1.50,4.80,20.0,8,2.464,207.725,178.592,-54.404
0,Li1.2 Mn0.4 Ti0.4 O2,1.50,4.80,20.0,8,2.496,206.333,176.800,-55.802
0,Li1.2 Mn0.4 Ti0.4 O2,1.50,4.80,20.0,8,2.529,204.920,174.964,-57.079
0,Li1.2 Mn0.4 Ti0.4 O2,1.50,4.80,20.0,8,2.561,203.476,173.089,-58.234
0,Li1.2 Mn0.4 Ti0.4 O2,1.50,4.80,20.0,8,2.594,201.985,171.179,-59.268
0,Li1.2 Mn0.4 Ti0.4 O2,1.50,4.80,20.0,8,2.626,200.434,169.236,-60.181
0,Li1.2 Mn0.4 Ti0.4 O2,1.50,4.80,20.0,8,2.659,198.808,167.267,-60.972
0,Li1.2 Mn0.4 Ti0.4 O2,1.50,4.80,20.0,8,2.691,197.092,165.270,-61.983
0,Li1.2 Mn0.4 Ti0.4 O2,1.50,4.80,20.0,8,2.724,195.271,163.219,-64.467
0,Li1.2 Mn0.4 Ti0.4 O2,1.50,4.80,20.0,8,2.756,193.332,161.061,-68.538
0,Li1.2 Mn0.4 Ti0.4 O2,1.50,4.80,20.0,8,2.789,191.258,158.745,-74.197
0,Li1.2 Mn0.4 Ti0.4 O2,1.50,4.80,20.0,8,2.821,189.036,156.219,-81.443
0,Li1.2 Mn0.4 Ti0.4 O2,1.50,4.80,20.0,8,2.854,186.651,153.432,-90.277
0,Li1.2 Mn0.4 Ti0.4 O2,1.50,4.80,20.0,8,2.887,184.088,150.331,-100.699
0,Li1.2 Mn0.4 Ti0.4 O2,1.50,4.80,20.0,8,2.919,181.332,146.870,-112.205
0,Li1.2 Mn0.4 Ti0.4 O2,1.50,4.80,20.0,8,2.952,178.370,143.036,-123.630
0,Li1.2 Mn0.4 Ti0.4 O2,1.50,4.80,20.0,8,2.984,175.186,138.832,-134.927
0,Li1.2 Mn0.4 Ti0.4 O2,1.50,4.80,20.0,8,3.017,171.756,134.263,-146.094
0,Li1.2 Mn0.4 Ti0.4 O2,1.50,4.80,20.0,8,3.049,167.968,129.333,-157.134
0,Li1.2 Mn0.4 Ti0.4 O2,1.50,4.80,20.0,8,3.082,163.659,124.048,-167.786
0,Li1.2 Mn0.4 Ti0.4 O2,1.50,4.80,20.0,8,3.114,158.670,118.444,-176.508
0,Li1.2 Mn0.4 Ti0.4 O2,1.50,4.80,20.0,8,3.147,152.839,112.593,-183.046
0,Li1.2 Mn0.4 Ti0.4 O2,1.50,4.80,20.0,8,3.179,146.018,106.565,-187.399
0,Li1.2 Mn0.4 Ti0.4 O2,1.50,4.80,20.0,8,3.212,138.258,100.430,-189.611
0,Li1.2 Mn0.4 Ti0.4 O2,1.50,4.80,20.0,8,3.244,129.750,94.256,-189.860
0,Li1.2 Mn0.4 Ti0.4 O2,1.50,4.80,20.0,8,3.277,120.693,88.105,-188.161
0,Li1.2 Mn0.4 Ti0.4 O2,1.50,4.80,20.0,8,3.309,111.384,82.041,-184.516
0,Li1.2 Mn0.4 Ti0.4 O2,1.50,4.80,20.0,8,3.342,102.193,76.127,-178.923
0,Li1.2 Mn0.4 Ti0.4 O2,1.50,4.80,20.0,8,3.374,93.439,70.427,-171.385
0,Li1.2 Mn0.4 Ti0.4 O2,1.50,4.80,20.0,8,3.407,85.271,65.003,-161.899
0,Li1.2 Mn0.4 Ti0.4 O2,1.50,4.80,20.0,8,3.439,77.801,59.920,-150.467
0,Li1.2 Mn0.4 Ti0.4 O2,1.50,4.80,20.0,8,3.472,71.101,55.226,-138.420
0,Li1.2 Mn0.4 Ti0.4 O2,1.50,4.80,20.0,8,3.504,65.122,50.909,-127.268
0,Li1.2 Mn0.4 Ti0.4 O2,1.50,4.80,20.0,8,3.537,59.793,46.940,-117.010
0,Li1.2 Mn0.4 Ti0.4 O2,1.50,4.80,20.0,8,3.569,55.044,43.290,-107.647
0,Li1.2 Mn0.4 Ti0.4 O2,1.50,4.80,20.0,8,3.602,50.805,39.930,-99.178
0,Li1.2 Mn0.4 Ti0.4 O2,1.50,4.80,20.0,8,3.634,47.005,36.831,-91.605
0,Li1.2 Mn0.4 Ti0.4 O2,1.50,4.80,20.0,8,3.667,43.572,33.963,-84.926
0,Li1.2 Mn0.4 Ti0.4 O2,1.50,4.80,20.0,8,3.699,40.438,31.299,-79.142
0,Li1.2 Mn0.4 Ti0.4 O2,1.50,4.80,20.0,8,3.732,37.531,28.807,-74.253
0,Li1.2 Mn0.4 Ti0.4 O2,1.50,4.80,20.0,8,3.764,34.780,26.460,-70.259
0,Li1.2 Mn0.4 Ti0.4 O2,1.50,4.80,20.0,8,3.797,32.115,24.229,-67.159
0,Li1.2 Mn0.4 Ti0.4 O2,1.50,4.80,20.0,8,3.829,29.475,22.083,-64.954
0,Li1.2 Mn0.4 Ti0.4 O2,1.50,4.80,20.0,8,3.862,26.856,19.995,-63.644
0,Li1.2 Mn0.4 Ti0.4 O2,1.50,4.80,20.0,8,3.894,24.272,17.943,-62.481
0,Li1.2 Mn0.4 Ti0.4 O2,1.50,4.80,20.0,8,3.927,21.741,15.939,-60.667
0,Li1.2 Mn0.4 Ti0.4 O2,1.50,4.80,20.0,8,3.959,19.280,14.005,-58.202
0,Li1.2 Mn0.4 Ti0.4 O2,1.50,4.80,20.0,8,3.992,16.904,12.161,-55.088
0,Li1.2 Mn0.4 Ti0.4 O2,1.50,4.80,20.0,8,4.025,14.631,10.430,-51.323
0,Li1.2 Mn0.4 Ti0.4 O2,1.50,4.80,20.0,8,4.057,12.476,8.831,-46.907
0,Li1.2 Mn0.4 Ti0.4 O2,1.50,4.80,20.0,8,4.090,10.456,7.386,-41.842
0,Li1.2 Mn0.4 Ti0.4 O2,1.50,4.80,20.0,8,4.122,8.587,6.114,-36.443
0,Li1.2 Mn0.4 Ti0.4 O2,1.50,4.80,20.0,8,4.155,6.886,5.012,-31.399
0,Li1.2 Mn0.4 Ti0.4 O2,1.50,4.80,20.0,8,4.187,5.370,4.068,-26.733
0,Li1.2 Mn0.4 Ti0.4 O2,1.50,4.80,20.0,8,4.220,4.054,3.270,-22.445
0,Li1.2 Mn0.4 Ti0.4 O2,1.50,4.80,20.0,8,4.252,2.956,2.605,-18.535
0,Li1.2 Mn0.4 Ti0.4 O2,1.50,4.80,20.0,8,4.285,2.091,2.060,-15.004
0,Li1.2 Mn0.4 Ti0.4 O2,1.50,4.80,20.0,8,4.317,1.470,1.625,-11.850
0,Li1.2 Mn0.4 Ti0.4 O2,1.50,4.80,20.0,8,4.350,1.064,1.286,-9.095
0,Li1.2 Mn0.4 Ti0.4 O2,1.50,4.80,20.0,8,4.382,0.828,1.029,-6.771
0,Li1.2 Mn0.4 Ti0.4 O2,1.50,4.80,20.0,8,4.415,0.718,0.841,-4.876
0,Li1.2 Mn0.4 Ti0.4 O2,1.50,4.80,20.0,8,4.447,0.688,0.707,-3.412
0,Li1.2 Mn0.4 Ti0.4 O2,1.50,4.80,20.0,8,4.480,0.695,0.614,-2.379
0,Li1.2 Mn0.4 Ti0.4 O2,1.50,4.80,20.0,8,4.512,0.692,0.548,-1.775
0,Li1.2 Mn0.4 Ti0.4 O2,1.50,4.80,20.0,8,4.545,0.637,0.494,-1.602
0,Li1.2 Mn0.4 Ti0.4 O2,1.50,4.80,20.0,8,4.577,0.512,0.440,-1.707
0,Li1.2 Mn0.4 Ti0.4 O2,1.50,4.80,20.0,8,4.610,0.350,0.382,-1.938
0,Li1.2 Mn0.4 Ti0.4 O2,1.50,4.80,20.0,8,4.642,0.185,0.313,-2.297
0,Li1.2 Mn0.4 Ti0.4 O2,1.50,4.80,20.0,8,4.675,0.050,0.231,-2.783
0,Li1.2 Mn0.4 Ti0.4 O2,1.50,4.80,20.0,8,4.707,0.000,0.131,-3.396
0,Li1.2 Mn0.4 Ti0.4 O2,1.50,4.80,20.0,8,4.740,0.012,0.009,-4.136
0,Li1.2 Mn0.4 Ti0.4 O2,1.50,4.80,20.0,9,1.530,250.219,220.831,-63.075
0,Li1.2 Mn0.4 Ti0.4 O2,1.50,4.80,20.0,9,1.562,247.727,218.821,-60.934
0,Li1.2 Mn0.4 Ti0.4 O2,1.50,4.80,20.0,9,1.595,245.409,216.878,-58.928
0,Li1.2 Mn0.4 Ti0.4 O2,1.50,4.80,20.0,9,1.627,243.254,214.997,-57.056
0,Li1.2 Mn0.4 Ti0.4 O2,1.50,4.80,20.0,9,1.660,241.247,213.175,-55.319
0,Li1.2 Mn0.4 Ti0.4 O2,1.50,4.80,20.0,9,1.692,239.377,211.408,-53.716
0,Li1.2 Mn0.4 Ti0.4 O2,1.50,4.80,20.0,9,1.724,237.630,209.690,-52.248
0,Li1.2 Mn0.4 Ti0.4 O2,1.50,4.80,20.0,9,1.757,235.994,208.017,-50.914
0,Li1.2 Mn0.4 Ti0.4 O2,1.50,4.80,20.0,9,1.789,234.456,206.386,-49.715
0,Li1.2 Mn0.4 Ti0.4 O2,1.50,4.80,20.0,9,1.822,233.003,204.791,-48.651
0,Li1.2 Mn0.4 Ti0.4 O2,1.50,4.80,20.0,9,1.854,231.622,203.229,-47.721
0,Li1.2 Mn0.4 Ti0.4 O2,1.50,4.80,20.0,9,1.887,230.301,201.694,-46.925
0,Li1.2 Mn0.4 Ti0.4 O2,1.50,4.80,20.0,9,1.919,229.026,200.184,-46.264
0,Li1.2 Mn0.4 Ti0.4 O2,1.50,4.80,20.0,9,1.951,227.786,198.692,-45.737
0,Li1.2 Mn0.4 Ti0.4 O2,1.50,4.80,20.0,9,1.984,226.566,197.216,-45.345
0,Li1.2 Mn0.4 Ti0.4 O2,1.50,4.80,20.0,9,2.016,225.355,195.749,-45.088
0,Li1.2 Mn0.4 Ti0.4 O2,1.50,4.80,20.0,9,2.049,224.142,194.290,-44.965
0,Li1.2 Mn0.4 Ti0.4 O2,1.50,4.80,20.0,9,2.081,222.922,192.832,-44.976
0,Li1.2 Mn0.4 Ti0.4 O2,1.50,4.80,20.0,9,2.114,221.696,191.371,-45.122
0,Li1.2 Mn0.4 Ti0.4 O2,1.50,4.80,20.0,9,2.146,220.462,189.903,-45.403
0,Li1.2 Mn0.4 Ti0.4 O2,1.50,4.80,20.0,9,2.178,219.218,188.424,-45.818
0,Li1.2 Mn0.4 Ti0.4 O2,1.50,4.80,20.0,9,2.211,217.965,186.930,-46.367
0,Li1.2 Mn0.4 Ti0.4 O2,1.50,4.80,20.0,9,2.243,216.700,185.416,-47.052
0,Li1.2 Mn0.4 Ti0.4 O2,1.50,4.80,20.0,9,2.276,215.424,183.877,-47.870
0,Li1.2 Mn0.4 Ti0.4 O2,1.50,4.80,20.0,9,2.308,214.134,182.309,-48.823
0,Li1.2 Mn0.4 Ti0.4 O2,1.50,4.80,20.0,9,2.341,212.829,180.708,-49.911
0,Li1.2 Mn0.4 Ti0.4 O2,1.50,4.80,20.0,9,2.373,211.510,179.070,-51.133
0,Li1.2 Mn0.4 Ti0.4 O2,1.50,4.80,20.0,9,2.405,210.173,177.390,-52.490
0,Li1.2 Mn0.4 Ti0.4 O2,1.50,4.80,20.0,9,2.438,208.820,175.664,-53.980
0,Li1.2 Mn0.4 Ti0.4 O2,1.50,4.80,20.0,9,2.470,207.447,173.889,-55.475
0,Li1.2 Mn0.4 Ti0.4 O2,1.50,4.80,20.0,9,2.503,206.055,172.067,-56.869
0,Li1.2 Mn0.4 Ti0.4 O2,1.50,4.80,20.0,9,2.535,204.641,170.202,-58.164
0,Li1.2 Mn0.4 Ti0.4 O2,1.50,4.80,20.0,9,2.568,203.192,168.296,-59.360
0,Li1.2 Mn0.4 Ti0.4 O2,1.50,4.80,20.0,9,2.600,201.695,166.352,-60.457
0,Li1.2 Mn0.4 Ti0.4 O2,1.50,4.80,20.0,9,2.633,200.135,164.375,-61.454
0,Li1.2 Mn0.4 Ti0.4 O2,1.50,4.80,20.0,9,2.665,198.497,162.367,-62.351
0,Li1.2 Mn0.4 Ti0.4 O2,1.50,4.80,20.0,9,2.697,196.768,160.327,-63.725
0,Li1.2 Mn0.4 Ti0.4 O2,1.50,4.80,20.0,9,2.730,194.931,158.218,-66.589
0,Li1.2 Mn0.4 Ti0.4 O2,1.50,4.80,20.0,9,2.762,192.973,155.991,-70.962
0,Li1.2 Mn0.4 Ti0.4 O2,1.50,4.80,20.0,9,2.795,190.880,153.599,-76.844
0,Li1.2 Mn0.4 Ti0.4 O2,1.50,4.80,20.0,9,2.827,188.636,150.991,-84.235
0,Li1.2 Mn0.4 Ti0.4 O2,1.50,4.80,20.0,9,2.860,186.228,148.119,-93.136
0,Li1.2 Mn0.4 Ti0.4 O2,1.50,4.80,20.0,9,2.892,183.640,144.933,-103.546
0,Li1.2 Mn0.4 Ti0.4 O2,1.50,4.80,20.0,9,2.924,180.859,141.394,-114.666
0,Li1.2 Mn0.4 Ti0.4 O2,1.50,4.80,20.0,9,2.957,177.869,137.498,-125.570
0,Li1.2 Mn0.4 Ti0.4 O2,1.50,4.80,20.0,9,2.989,174.656,133.252,-136.256
0,Li1.2 Mn0.4 Ti0.4 O2,1.50,4.80,20.0,9,3.022,171.189,128.663,-146.724
0,Li1.2 Mn0.4 Ti0.4 O2,1.50,4.80,20.0,9,3.054,167.340,123.738,-156.974
0,Li1.2 Mn0.4 Ti0.4 O2,1.50,4.80,20.0,9,3.087,162.949,118.489,-166.379
0,Li1.2 Mn0.4 Ti0.4 O2,1.50,4.80,20.0,9,3.119,157.856,112.969,-173.678
0,Li1.2 Mn0.4 Ti0.4 O2,1.50,4.80,20.0,9,3.151,151.901,107.247,-178.836
0,Li1.2 Mn0.4 Ti0.4 O2,1.50,4.80,20.0,9,3.184,144.952,101.392,-181.854
0,Li1.2 Mn0.4 Ti0.4 O2,1.50,4.80,20.0,9,3.216,137.093,95.473,-182.898
0,Li1.2 Mn0.4 Ti0.4 O2,1.50,4.80,20.0,9,3.249,128.517,89.548,-182.215
0,Li1.2 Mn0.4 Ti0.4 O2,1.50,4.80,20.0,9,3.281,119.428,83.673,-179.805
0,Li1.2 Mn0.4 Ti0.4 O2,1.50,4.80,20.0,9,3.314,110.137,77.904,-175.670
0,Li1.2 Mn0.4 Ti0.4 O2,1.50,4.80,20.0,9,3.346,101.012,72.297,-169.808
0,Li1.2 Mn0.4 Ti0.4 O2,1.50,4.80,20.0,9,3.378,92.351,66.908,-162.221
0,Li1.2 Mn0.4 Ti0.4 O2,1.50,4.80,20.0,9,3.411,84.286,61.794,-152.907
0,Li1.2 Mn0.4 Ti0.4 O2,1.50,4.80,20.0,9,3.443,76.930,57.009,-141.868
0,Li1.2 Mn0.4 Ti0.4 O2,1.50,4.80,20.0,9,3.476,70.339,52.603,-129.986
0,Li1.2 Mn0.4 Ti0.4 O2,1.50,4.80,20.0,9,3.508,64.457,48.565,-119.217
0,Li1.2 Mn0.4 Ti0.4 O2,1.50,4.80,20.0,9,3.541,59.213,44.858,-109.633
0,Li1.2 Mn0.4 Ti0.4 O2,1.50,4.80,20.0,9,3.573,54.539,41.442,-101.233
0,Li1.2 Mn0.4 Ti0.4 O2,1.50,4.80,20.0,9,3.605,50.363,38.279,-94.018
0,Li1.2 Mn0.4 Ti0.4 O2,1.50,4.80,20.0,9,3.638,46.616,35.331,-87.988
0,Li1.2 Mn0.4 Ti0.4 O2,1.50,4.80,20.0,9,3.670,43.228,32.560,-82.967
0,Li1.2 Mn0.4 Ti0.4 O2,1.50,4.80,20.0,9,3.703,40.128,29.945,-78.343
0,Li1.2 Mn0.4 Ti0.4 O2,1.50,4.80,20.0,9,3.735,37.248,27.475,-74.064
0,Li1.2 Mn0.4 Ti0.4 O2,1.50,4.80,20.0,9,3.768,34.516,25.138,-70.130
0,Li1.2 Mn0.4 Ti0.4 O2,1.50,4.80,20.0,9,3.800,31.862,22.922,-66.539
0,Li1.2 Mn0.4 Ti0.4 O2,1.50,4.80,20.0,9,3.832,29.231,20.818,-63.293
0,Li1.2 Mn0.4 Ti0.4 O2,1.50,4.80,20.0,9,3.865,26.620,18.813,-60.392
0,Li1.2 Mn0.4 Ti0.4 O2,1.50,4.80,20.0,9,3.897,24.047,16.898,-57.709
0,Li1.2 Mn0.4 Ti0.4 O2,1.50,4.80,20.0,9,3.930,21.528,15.071,-54.929
0,Li1.2 Mn0.4 Ti0.4 O2,1.50,4.80,20.0,9,3.962,19.080,13.336,-52.035
0,Li1.2 Mn0.4 Ti0.4 O2,1.50,4.80,20.0,9,3.995,16.718,11.697,-49.029
0,Li1.2 Mn0.4 Ti0.4 O2,1.50,4.80,20.0,9,4.027,14.459,10.158,-45.910
0,Li1.2 Mn0.4 Ti0.4 O2,1.50,4.80,20.0,9,4.059,12.319,8.721,-42.678
0,Li1.2 Mn0.4 Ti0.4 O2,1.50,4.80,20.0,9,4.092,10.315,7.391,-39.334
0,Li1.2 Mn0.4 Ti0.4 O2,1.50,4.80,20.0,9,4.124,8.463,6.171,-35.877
0,Li1.2 Mn0.4 Ti0.4 O2,1.50,4.80,20.0,9,4.157,6.778,5.065,-32.306
0,Li1.2 Mn0.4 Ti0.4 O2,1.50,4.80,20.0,9,4.189,5.278,4.076,-28.623
0,Li1.2 Mn0.4 Ti0.4 O2,1.50,4.80,20.0,9,4.222,3.979,3.209,-24.828
0,Li1.2 Mn0.4 Ti0.4 O2,1.50,4.80,20.0,9,4.254,2.897,2.467,-20.919
0,Li1.2 Mn0.4 Ti0.4 O2,1.50,4.80,20.0,9,4.286,2.049,1.854,-16.898
0,Li1.2 Mn0.4 Ti0.4 O2,1.50,4.80,20.0,9,4.319,1.442,1.372,-12.764
0,Li1.2 Mn0.4 Ti0.4 O2,1.50,4.80,20.0,9,4.351,1.048,1.024,-8.871
0,Li1.2 Mn0.4 Ti0.4 O2,1.50,4.80,20.0,9,4.384,0.820,0.790,-5.674
0,Li1.2 Mn0.4 Ti0.4 O2,1.50,4.80,20.0,9,4.416,0.715,0.648,-3.174
0,Li1.2 Mn0.4 Ti0.4 O2,1.50,4.80,20.0,9,4.449,0.688,0.576,-1.372
0,Li1.2 Mn0.4 Ti0.4 O2,1.50,4.80,20.0,9,4.481,0.695,0.551,-0.267
0,Li1.2 Mn0.4 Ti0.4 O2,1.50,4.80,20.0,9,4.514,0.691,0.551,0.000
0,Li1.2 Mn0.4 Ti0.4 O2,1.50,4.80,20.0,9,4.546,0.633,0.553,-0.148
0,Li1.2 Mn0.4 Ti0.4 O2,1.50,4.80,20.0,9,4.578,0.507,0.537,-0.865
0,Li1.2 Mn0.4 Ti0.4 O2,1.50,4.80,20.0,9,4.611,0.345,0.495,-1.761
0,Li1.2 Mn0.4 Ti0.4 O2,1.50,4.80,20.0,9,4.643,0.180,0.421,-2.837
0,Li1.2 Mn0.4 Ti0.4 O2,1.50,4.80,20.0,9,4.676,0.047,0.309,-4.092
0,Li1.2 Mn0.4 Ti0.4 O2,1.50,4.80,20.0,9,4.708,0.000,0.154,-5.528
0,Li1.2 Mn0.4 Ti0.4 O2,1.50,4.80,20.0,9,4.741,0.014,0.000,-7.143
0,Li1.2 Mn0.4 Ti0.4 O2,1.50,4.80,20.0,10,1.526,250.490,220.488,-61.980
0,Li1.2 Mn0.4 Ti0.4 O2,1.50,4.80,20.0,10,1.559,247.977,218.509,-59.968
0,Li1.2 Mn0.4 Ti0.4 O2,1.50,4.80,20.0,10,1.591,245.640,216.594,-58.089
0,Li1.2 Mn0.4 Ti0.4 O2,1.50,4.80,20.0,10,1.624,243.466,214.737,-56.344
0,Li1.2 Mn0.4 Ti0.4 O2,1.50,4.80,20.0,10,1.656,241.443,212.934,-54.732
0,Li1.2 Mn0.4 Ti0.4 O2,1.50,4.80,20.0,10,1.689,239.558,211.182,-53.253
0,Li1.2 Mn0.4 Ti0.4 O2,1.50,4.80,20.0,10,1.721,237.798,209.475,-51.908
0,Li1.2 Mn0.4 Ti0.4 O2,1.50,4.80,20.0,10,1.754,236.150,207.810,-50.695
0,Li1.2 Mn0.4 Ti0.4 O2,1.50,4.80,20.0,10,1.786,234.601,206.182,-49.616
0,Li1.2 Mn0.4 Ti0.4 O2,1.50,4.80,20.0,10,1.819,233.139,204.588,-48.670
0,Li1.2 Mn0.4 Ti0.4 O2,1.50,4.80,20.0,10,1.851,231.751,203.021,-47.858
0,Li1.2 Mn0.4 Ti0.4 O2,1.50,4.80,20.0,10,1.884,230.423,201.479,-47.178
0,Li1.2 Mn0.4 Ti0.4 O2,1.50,4.80,20.0,10,1.916,229.144,199.957,-46.632
0,Li1.2 Mn0.4 Ti0.4 O2,1.50,4.80,20.0,10,1.948,227.899,198.450,-46.219
0,Li1.2 Mn0.4 Ti0.4 O2,1.50,4.80,20.0,10,1.981,226.677,196.955,-45.939
0,Li1.2 Mn0.4 Ti0.4 O2,1.50,4.80,20.0,10,2.013,225.465,195.466,-45.792
0,Li1.2 Mn0.4 Ti0.4 O2,1.50,4.80,20.0,10,2.046,224.250,193.980,-45.779
0,Li1.2 Mn0.4 Ti0.4 O2,1.50,4.80,20.0,10,2.078,223.030,192.492,-45.899
0,Li1.2 Mn0.4 Ti0.4 O2,1.50,4.80,20.0,10,2.111,221.803,190.999,-46.152
0,Li1.2 Mn0.4 Ti0.4 O2,1.50,4.80,20.0,10,2.143,220.569,189.495,-46.538
0,Li1.2 Mn0.4 Ti0.4 O2,1.50,4.80,20.0,10,2.176,219.325,187.976,-47.058
0,Li1.2 Mn0.4 Ti0.4 O2,1.50,4.80,20.0,10,2.208,218.071,186.438,-47.710
0,Li1.2 Mn0.4 Ti0.4 O2,1.50,4.80,20.0,10,2.241,216.807,184.877,-48.496
0,Li1.2 Mn0.4 Ti0.4 O2,1.50,4.80,20.0,10,2.273,215.530,183.288,-49.415
0,Li1.2 Mn0.4 Ti0.4 O2,1.50,4.80,20.0,10,2.306,214.240,181.667,-50.468
0,Li1.2 Mn0.4 Ti0.4 O2,1.50,4.80,20.0,10,2.338,212.935,180.010,-51.653
0,Li1.2 Mn0.4 Ti0.4 O2,1.50,4.80,20.0,10,2.370,211.616,178.312,-52.972
0,Li1.2 Mn0.4 Ti0.4 O2,1.50,4.80,20.0,10,2.403,210.279,176.569,-54.424
0,Li1.2 Mn0.4 Ti0.4 O2,1.50,4.80,20.0,10,2.435,208.926,174.777,-56.008
0,Li1.2 Mn0.4 Ti0.4 O2,1.50,4.80,20.0,10,2.468,207.554,172.934,-57.552
0,Li1.2 Mn0.4 Ti0.4 O2,1.50,4.80,20.0,10,2.500,206.162,171.043,-58.923
0,Li1.2 Mn0.4 Ti0.4 O2,1.50,4.80,20.0,10,2.533,204.748,169.110,-60.120
0,Li1.2 Mn0.4 Ti0.4 O2,1.50,4.80,20.0,10,2.565,203.301,167.141,-61.144
0,Li1.2 Mn0.4 Ti0.4 O2,1.50,4.80,20.0,10,2.598,201.807,165.142,-61.995
0,Li1.2 Mn0.4 Ti0.4 O2,1.50,4.80,20.0,10,2.630,200.250,163.118,-62.672
0,Li1.2 Mn0.4 Ti0.4 O2,1.50,4.80,20.0,10,2.663,198.617,161.075,-63.202
0,Li1.2 Mn0.4 Ti0.4 O2,1.50,4.80,20.0,10,2.695,196.893,159.004,-64.662
0,Li1.2 Mn0.4 Ti0.4 O2,1.50,4.80,20.0,10,2.728,195.062,156.861,-67.622
0,Li1.2 Mn0.4 Ti0.4 O2,1.50,4.80,20.0,10,2.760,193.112,154.597,-72.084
0,Li1.2 Mn0.4 Ti0.4 O2,1.50,4.80,20.0,10,2.792,191.026,152.165,-78.046
0,Li1.2 Mn0.4 Ti0.4 O2,1.50,4.80,20.0,10,2.825,188.791,149.514,-85.510
0,Li1.2 Mn0.4 Ti0.4 O2,1.50,4.80,20.0,10,2.857,186.391,146.597,-94.476
0,Li1.2 Mn0.4 Ti0.4 O2,1.50,4.80,20.0,10,2.890,183.813,143.364,-104.876
0,Li1.2 Mn0.4 Ti0.4 O2,1.50,4.80,20.0,10,2.922,181.042,139.787,-115.504
0,Li1.2 Mn0.4 Ti0.4 O2,1.50,4.80,20.0,10,2.955,178.063,135.868,-125.908
0,Li1.2 Mn0.4 Ti0.4 O2,1.50,4.80,20.0,10,2.987,174.861,131.615,-136.090
0,Li1.2 Mn0.4 Ti0.4 O2,1.50,4.80,20.0,10,3.020,171.409,127.035,-146.049
0,Li1.2 Mn0.4 Ti0.4 O2,1.50,4.80,20.0,10,3.052,167.584,122.135,-155.782
0,Li1.2 Mn0.4 Ti0.4 O2,1.50,4.80,20.0,10,3.085,163.225,116.933,-164.352
0,Li1.2 Mn0.4 Ti0.4 O2,1.50,4.80,20.0,10,3.117,158.173,111.486,-170.961
0,Li1.2 Mn0.4 Ti0.4 O2,1.50,4.80,20.0,10,3.150,152.267,105.855,-175.610
0,Li1.2 Mn0.4 Ti0.4 O2,1.50,4.80,20.0,10,3.182,145.367,100.106,-178.299
0,Li1.2 Mn0.4 Ti0.4 O2,1.50,4.80,20.0,10,3.214,137.547,94.299,-179.201
0,Li1.2 Mn0.4 Ti0.4 O2,1.50,4.80,20.0,10,3.247,128.996,88.489,-178.453
0,Li1.2 Mn0.4 Ti0.4 O2,1.50,4.80,20.0,10,3.279,119.920,82.731,-176.055
0,Li1.2 Mn0.4 Ti0.4 O2,1.50,4.80,20.0,10,3.312,110.622,77.077,-172.007
0,Li1.2 Mn0.4 Ti0.4 O2,1.50,4.80,20.0,10,3.344,101.471,71.581,-166.309
0,Li1.2 Mn0.4 Ti0.4 O2,1.50,4.80,20.0,10,3.377,92.773,66.297,-158.961
0,Li1.2 Mn0.4 Ti0.4 O2,1.50,4.80,20.0,10,3.409,84.669,61.278,-149.962
0,Li1.2 Mn0.4 Ti0.4 O2,1.50,4.80,20.0,10,3.442,77.269,56.579,-139.314
0,Li1.2 Mn0.4 Ti0.4 O2,1.50,4.80,20.0,10,3.474,70.636,52.244,-127.869
0,Li1.2 Mn0.4 Ti0.4 O2,1.50,4.80,20.0,10,3.507,64.716,48.265,-117.527
0,Li1.2 Mn0.4 Ti0.4 O2,1.50,4.80,20.0,10,3.539,59.439,44.601,-108.356
0,Li1.2 Mn0.4 Ti0.4 O2,1.50,4.80,20.0,10,3.572,54.736,41.217,-100.358
0,Li1.2 Mn0.4 Ti0.4 O2,1.50,4.80,20.0,10,3.604,50.536,38.073,-93.530
0,Li1.2 Mn0.4 Ti0.4 O2,1.50,4.80,20.0,10,3.636,46.768,35.132,-87.874
0,Li1.2 Mn0.4 Ti0.4 O2,1.50,4.80,20.0,10,3.669,43.363,32.356,-83.223
0,Li1.2 Mn0.4 Ti0.4 O2,1.50,4.80,20.0,10,3.701,40.250,29.726,-78.874
0,Li1.2 Mn0.4 Ti0.4 O2,1.50,4.80,20.0,10,3.734,37.359,27.233,-74.750
0,Li1.2 Mn0.4 Ti0.4 O2,1.50,4.80,20.0,10,3.766,34.620,24.870,-70.849
0,Li1.2 Mn0.4 Ti0.4 O2,1.50,4.80,20.0,10,3.799,31.963,22.631,-67.172
0,Li1.2 Mn0.4 Ti0.4 O2,1.50,4.80,20.0,10,3.831,29.328,20.507,-63.720
0,Li1.2 Mn0.4 Ti0.4 O2,1.50,4.80,20.0,10,3.864,26.714,18.491,-60.492
0,Li1.2 Mn0.4 Ti0.4 O2,1.50,4.80,20.0,10,3.896,24.137,16.578,-57.420
0,Li1.2 Mn0.4 Ti0.4 O2,1.50,4.80,20.0,10,3.929,21.613,14.764,-54.308
0,Li1.2 Mn0.4 Ti0.4 O2,1.50,4.80,20.0,10,3.961,19.160,13.052,-51.143
0,Li1.2 Mn0.4 Ti0.4 O2,1.50,4.80,20.0,10,3.994,16.793,11.444,-47.926
0,Li1.2 Mn0.4 Ti0.4 O2,1.50,4.80,20.0,10,4.026,14.528,9.941,-44.655
0,Li1.2 Mn0.4 Ti0.4 O2,1.50,4.80,20.0,10,4.058,12.382,8.546,-41.331
0,Li1.2 Mn0.4 Ti0.4 O2,1.50,4.80,20.0,10,4.091,10.372,7.259,-37.954
0,Li1.2 Mn0.4 Ti0.4 O2,1.50,4.80,20.0,10,4.123,8.513,6.082,-34.524
0,Li1.2 Mn0.4 Ti0.4 O2,1.50,4.80,20.0,10,4.156,6.822,5.018,-31.042
0,Li1.2 Mn0.4 Ti0.4 O2,1.50,4.80,20.0,10,4.188,5.316,4.067,-27.506
0,Li1.2 Mn0.4 Ti0.4 O2,1.50,4.80,20.0,10,4.221,4.010,3.232,-23.917
0,Li1.2 Mn0.4 Ti0.4 O2,1.50,4.80,20.0,10,4.253,2.921,2.515,-20.275
0,Li1.2 Mn0.4 Ti0.4 O2,1.50,4.80,20.0,10,4.286,2.066,1.917,-16.580
0,Li1.2 Mn0.4 Ti0.4 O2,1.50,4.80,20.0,10,4.318,1.454,1.439,-12.833
0,Li1.2 Mn0.4 Ti0.4 O2,1.50,4.80,20.0,10,4.351,1.054,1.082,-9.280
0,Li1.2 Mn0.4 Ti0.4 O2,1.50,4.80,20.0,10,4.383,0.823,0.831,-6.282
0,Li1.2 Mn0.4 Ti0.4 O2,1.50,4.80,20.0,10,4.416,0.716,0.668,-3.840
0,Li1.2 Mn0.4 Ti0.4 O2,1.50,4.80,20.0,10,4.448,0.688,0.575,-1.955
0,Li1.2 Mn0.4 Ti0.4 O2,1.50,4.80,20.0,10,4.480,0.695,0.535,-0.627
0,Li1.2 Mn0.4 Ti0.4 O2,1.50,4.80,20.0,10,4.513,0.692,0.529,0.000
0,Li1.2 Mn0.4 Ti0.4 O2,1.50,4.80,20.0,10,4.545,0.635,0.538,0.000
0,Li1.2 Mn0.4 Ti0.4 O2,1.50,4.80,20.0,10,4.578,0.510,0.546,0.000
0,Li1.2 Mn0.4 Ti0.4 O2,1.50,4.80,20.0,10,4.610,0.347,0.533,-0.879
0,Li1.2 Mn0.4 Ti0.4 O2,1.50,4.80,20.0,10,4.643,0.182,0.483,-2.334
0,Li1.2 Mn0.4 Ti0.4 O2,1.50,4.80,20.0,10,4.675,0.049,0.376,-4.345
0,Li1.2 Mn0.4 Ti0.4 O2,1.50,4.80,20.0,10,4.708,0.000,0.195,-6.913
0,Li1.2 Mn0.4 Ti0.4 O2,1.50,4.80,20.0,10,4.740,0.013,0.000,-10.037
